candidate_id,exercise_name,equipment_golden
1020,Garhammer Raise,Bodyweight
2791,Tire Flip,Other
2433,Single Arm Shoulder Press,Dumbbell
1577,Lying Bicep Curl,Dumbbell
873,Eccentric Calf Raises,Bodyweight
1229,Inchworm,Bodyweight
1762,Overcoming ISO Split Squats,Barbell
1099,Hammer Strength Iso-Lateral Low Row,Machine
2056,Rest Pause - Rear Delts (Placeholder),Other
2357,Shoulder YTWL,Bodyweight
18,(CARDIO) Row ERG,Cardio
244,Banded Fire Hydrants,Bands
302,Behind Curls,Machine
2315,"Seated Shoulder Press (12,10,8,6,4)",Dumbbell
2286,Seated Hamstring Curl,Machine
1218,Horizontal Chest Press,Machine
243,Banded External Rotations,Bands
745,Decline Hammer Strength Press,Machine
762,Deficit Exploding Pushup,Bodyweight
541,Cardio,Cardio
1129,Hatfield Squat,Barbell
546,Carry & Drag Medley,Other
418,Bottom-Half DB Flye,Dumbbell
136,Active Pigeon Stretch (Lift Offs),Bodyweight
2692,Straight Arm Pull Downs,Machine
1352,Kelso Shrug,Dumbbell
1200,Hip Mobilization,Bodyweight
895,Etupunnerrus,Machine
1191,Hip Explosion From Ground,Other
1193,Hip Extension Quad,Bodyweight
2529,Skull Crusher(Ez Bar)(Bar To Chin),Barbell
3033,Zottman Curl,Dumbbell
3019,Z Press,Dumbbell
1582,Lying Chest Press,Barbell
685,Crusher Curl,Barbell
1678,Mobility,Other
552,Cat-Cow Stretch,Bodyweight
2587,Sots Press,Barbell
1655,Med Ball Side Toss,Other
1561,Lower Body Accessory 2,Other
1189,Hip CARs Controlled Rotations,Bodyweight
2794,Toe Press,Machine
1771,Overhead Lu Raise,Dumbbell
2190,Rotator Cuff Eccentrics,Bands
2055,Rest Pause - Quad Isolation (Placeholder),Other
1408,Ladder Drills,Cardio
2702,Straight Leg Calf Raise 2,Bodyweight
2926,Wall windmills,Other
17,(CARDIO) Bike ERG,Cardio
1141,Heel Tap,Bodyweight
2524,Skull Crusher (EZ Bar),Barbell
443,Bulgarien Split Squats,Dumbbell
449,Bus Driver,Dumbbell
1737,One Arm Australian (Rings),Other
412,Bosu Glute Bridge,Bodyweight
2132,Ring Curl,Bodyweight
23,(CHEST) Iso Incline Chest Press,Machine
323,Bench Jack Knife,Bodyweight
1576,Lying Behind The Back Neck Plate Elevation,Bodyweight
1814,Pause Squat,Barbell
185,B-Skips,Cardio
889,Elevated Squats,Bodyweight
744,Decline Hammer Strength,Machine
810,Dual Rope Extension,Machine
3042,circus press,Dumbbell
898,Exercise Club Movements,Other
1136,Heavy Weight For Distance,Other
98,90/90 Hip Transition,Other
2715,Stretching,Other
2631,Stair Climber,Cardio
544,Cardio 30-45min,Other
1648,Med Ball Backward Toss,Cardio
1060,Ground Mobility,Other
2728,Sumo Squat,Bodyweight
300,Bear Position Pull Through,Dumbbell
868,Développer Horizontale,Machine
994,Front Lever,Bodyweight
1639,Marching Glute Bridge,Bodyweight
2784,Tib Raises,Bodyweight
1661,Medicine Ball Floor Throw And Hip Toss,Cardio
50,1-1/4 Squat,Bodyweight
1811,Partner Agility Drill,Other
291,Battle Ropes,Cardio
1560,Lower Body Accessory 1,Other
2033,Rear Delt Row,Dumbbell
2788,Tibialis Curl,Bodyweight
2624,Squat Walkout,Bodyweight
3018,Yoke Walk,Machine
382,Bike,Cardio
2842,Tricep-Pressdown,Machine
1105,Hamstring Stretch with Rotation,Other
91,60m Sprint,Cardio
978,Frame Hold,Bodyweight
34,(LEGS) Pendulum Squat,Machine
1719,Nordic Curls (Freak Athlete),Bodyweight
1525,Light Stretching,Other
2248,Scott Curl,Barbell
224,Band Shoulder Rotations,Bands
859,Dynamic Med Ball Rotational Toss,Other
1729,Oblique Twists,Bodyweight
2906,WALKOUT SQUAT,Bodyweight
2752,TNF Row (upper Back),Dumbbell
1334,Jesus Curl,Machine
891,Elevated skier Squat,Bodyweight
94,90-90s,Other
551,Cat Cow and T-Spine Rotation,Other
1937,Pronation,Other
1485,Lateral band walk,Bands
1316,Iso Low Row,Machine
2719,Suitcase Carry March,Dumbbell
1293,Incline Rear Shrug,Dumbbell
1379,Knee Hug - In Place (reps per leg),Other
2798,Toe Yoga,Other
933,Flat Chest Press,Dumbbell
2031,Rear Delt Fly Unilateral,Machine
2477,Single Leg Seated Calf Raise,Machine
1284,Incline Lat Raise,Dumbbell
2851,Tube Walk,Bands
1607,MCGILL BIG 3,Other
582,Chest Supported Low Row,Machine
168,Arm Circle,Other
3003,Wrist Rotations,Other
1657,Med Ball Soccer Toss,Other
1125,Hanging Oblique Knee Raise,Bodyweight
969,Forearm Internal Rotation,Other
1942,Prone Y Raise,Bodyweight
141,Agility Ladder,Cardio
109,AD Press,Dumbbell
2526,Skull Crusher (EZ-Bar),Barbell
230,Banded Ankle Mobilizations,Bands
1095,Hammer Squat Lung Calf Raises,Machine
2066,Reverse Bicep Curl (EZ Bar),Barbell
146,Alternating Bounds,Cardio
347,Bent Over Calf Raises,Bodyweight
1182,Hip Adduction,Machine
702,Cycling Intervals,Other
1757,One Legged Bounds,Cardio
392,Bird-dog,Other
1650,Med Ball Chest Pass,Other
1600,Lying Toes To Bar,Bodyweight
1587,Lying Incline Curl,Barbell
1700,Neck Extension (Banded Or Plate),Bands
2249,Seal Row,Barbell
253,Banded Pull Apart,Bands
454,Butterfly Maschine,Machine
2588,Special Finisher,Other
1912,Preacher Curl,Barbell
1770,Overhead Extension - Partial,Dumbbell
417,Bottom-2/3 Constant Tension Preacher Curl,Barbell
1774,Overhead Pin Press,Barbell
1751,One Arm Row (Dumbell),Dumbbell
808,Dual Handle Elbows Out Row,Dumbbell
1702,Neck Harness,Other
2439,Single Hand Kickback,Dumbbell
1522,Light Hammer,Dumbbell
2884,Upper Pull Accessory 1,Other
2618,Squat Heel Elavates,Bodyweight
299,Bear Hug,Other
608,Chin-Up (Weighted),Bodyweight
2378,Side Lunge,Bodyweight
1685,Moving Event,Other
1653,Med Ball Shot Toss,Other
187,BFR Bicep Curl,Dumbbell
2988,Wood Chop (Resistance Band),Bands
656,Core,Other
1758,Open Stone,Other
662,Cossack Squats (Weighted),Bodyweight
2500,Single-arm Sideways Sit Reverse Pec-Dec,Machine
1391,Kneeling Lunge Stretch,Other
2109,Reverse Lunges,Bodyweight
2282,Seated Front Raise,Dumbbell
2932,Way Bent Over Row,Barbell
2955,Weighted Walk,Other
1760,Optional Lower Body Accessory 1,Other
119,Ab Rollout,Bodyweight
1326,Jacknifes,Bodyweight
2083,Reverse Grip Bench,Barbell
571,Chest Pull Over,Dumbbell
1483,Lateral Squat - Low Alternating (reps per leg),Bodyweight
2801,Towel Forearm Hold (Optional),Bodyweight
2255,Seated Bicep Curl,Dumbbell
3013,Yoga,Other
1393,Kneeling Med Ball Rotational Toss,Other
943,Flex - Horizontal Push (Placeholder),Other
1805,Partial Chin-Up,Bodyweight
2869,Unilateral Lat Focused Row,Machine
1743,One Arm Overhead Carry with March,Dumbbell
125,Abdominal Exercise 1,Other
1997,RP DB Drag Curl,Dumbbell
1221,Hyperextension (Glute Focus),Bodyweight
602,Child'S Pose,Other
342,Bench T-Spine Stretch,Other
2473,Single Leg RDL,Bodyweight
2532,Slant Board Calf Stretch,Other
1456,Lateral Line Hops,Cardio
2266,Seated DB Shoulder Press,Dumbbell
2866,Undershoot,Other
1194,Hip Flexor,Other
2156,Ring Triceps Extensions,Bodyweight
2616,Squat (Paused),Bodyweight
907,Ez-Bar Skull Crusher,Barbell
2138,Ring Inverted Row,Bodyweight
2669,Static Hold,Other
1286,Incline Neutral Press DB,Dumbbell
2504,Sissy Squat Weighted,Bodyweight
1551,Low Row,Machine
1932,Press/Push/Jerk Complex,Barbell
2232,Sandbag Squat,Bodyweight
2647,Standing Hip Flexor March,Bands
1658,Med ball slam and lateral throw,Other
1198,Hip Flexor Stretch,Other
314,Behind-The-Back Shrug,Barbell
1567,Lu raises,Dumbbell
2188,Rotator Cuff,Bands
1707,Neck Work,Other
1307,Internal/External Shoulder Rotation (Lying),Other
670,Cross Body Lateral,Machine
1838,Pike Pushup,Bodyweight
2101,Reverse Hamstring Curls,Bodyweight
192,Backsquat,Barbell
1887,Platz Squat,Barbell
2014,RP SportsArt Triceps Extension,Machine
2533,Slant Board Situp,Bodyweight
699,Customisable Row,Dumbbell
2183,Rope/ Towel Ups,Bodyweight
1330,Janicki Fly,Dumbbell
2191,Rotator Cuff Pull Overs,Machine
80,45 Degree Extension,Bodyweight
628,Close Grip Chest Press,Barbell
441,Bulgarian split squat,Bodyweight
2698,Straight Bar Lat Extension,Machine
2512,Six Ways,Dumbbell
369,Bicep Curl Of Choice (Swap This Out For A Listed Exercise),Dumbbell
2229,Sandbag Shoulder,Other
896,Eugene Curls,Other
1727,Oblique Roman Chair With Weight,Bodyweight
1179,Hip Abduction,Bodyweight
1543,Loop band row,Bands
2980,Wide Stance Sumo Squats,Bodyweight
857,Dumbell Wide curl,Dumbbell
752,Decline Skull Crushers,Barbell
1668,Menno Curls,Other
1094,Hammer Single Arm Preacher Bench,Dumbbell
2716,Strict Curl,Barbell
1202,Hip Thrust,Barbell
870,EZ Bar Skullcrushers,Barbell
1881,Plate Pinch,Barbell
3043,crow pose,Bodyweight
1195,Hip Flexor Bounce,Bodyweight
248,Banded Hip Distraction,Bands
2130,Ring Ab Rollout,Bodyweight
2340,Shadow Kick Boxing,Other
2763,Tate Press,Dumbbell
1738,One Arm Bent Over Row,Dumbbell
2370,Shuttle Run,Cardio
3001,Wrist Radial Deviation,Other
1800,Pallof Press Holds,Bands
114,ATG Split Squat,Bodyweight
778,Diamond Pushups,Bodyweight
2379,Side Lying Clam (Plate),Bodyweight
393,Birddogs,Other
375,Bicep Stretch,Other
1204,Hip Thrust (Band),Bands
2496,Single-Leg Squats,Bodyweight
1426,Lat Pullaround,Machine
215,Band Lateral Walk,Bands
849,Dumbell Incline Shrugs,Dumbbell
1647,Meadows Row,Barbell
2777,Terminal Knee Extensions (TKEs) w/ band,Bands
2117,Reverse Row,Bodyweight
2330,Seated alternating Dumbell Bicep Curl,Dumbbell
575,Chest Supported Curl,Dumbbell
1672,Middle Back Rows,Barbell
1290,Incline Rear Delt Flye,Dumbbell
3036,ab wheel weighted,Bodyweight
55,10km Row,Cardio
1001,Front Raise (Arm Behind You),Dumbbell
121,Ab Train To Failure,Other
128,Abs,Other
1146,Heels Elevated Squat,Bodyweight
2356,Shoulder Rotation,Other
3000,Wrist Pronation,Other
2841,Tricep Tate Press,Dumbbell
2076,Reverse Dumbell Fly,Dumbbell
865,Dynamic Warm Up,Other
1350,Keenan Flap,Other
2446,Single Leg Broad To 90,Cardio
1382,Knee Raise (Weighted),Bodyweight
2082,Reverse Forearm Curls,Barbell
1459,Lateral Med Ball Slam,Other
890,Elevated Wrist Stretch Holds,Other
3055,stones over podium,Other
2219,Sandbag Carry,Other
695,Curtsy Lunge,Bodyweight
2918,Wall Angel,Other
912,Face Pull (No Hands),Machine
635,Close Grip Palm Out Bicep Pull Down,Machine
1315,Iso Hold Band Curl,Bands
1354,Kelso Shrug/Incline Row,Dumbbell
2332,Secondary Hold,Other
799,Double-Leg Stretch,Other
2276,Seated Face Pull,Machine
1376,Kipping,Other
169,Arm Hauler,Other
2853,Turkish Get-Ups,Dumbbell
2234,Sandbag To Shoulder,Other
2074,Reverse Curls,Barbell
2139,Ring Knee Tucks,Bodyweight
1784,Overhead Rope Extension,Machine
1526,Light Weight For Distance,Other
1345,KB Around The World,Other
1400,Kneeling Windmill Press,Dumbbell
223,Band Scarecrows,Bands
589,Chest Supported Row (12-15),Dumbbell
2216,Sandbag Bear Hug Lunge,Other
1641,Martial Arts,Other
170,Arm-Out SingleArm DB Row,Dumbbell
944,Flex - Single Leg Compound (Placeholder),Other
1295,Incline Row DB,Dumbbell
1222,Hyperextension (Weighted),Bodyweight
804,Dragon Fly,Bodyweight
2832,Tricep Pressdown,Machine
1720,OHP Pin Press,Barbell
3007,Wrist Weights,Other
47,1 Arm Lat Pullin,Machine
1140,Heel Slides,Other
2619,Squat Pin Presses,Barbell
2247,Scissors For Abs,Bodyweight
2520,Skull Crusher,Dumbbell
2193,Row,Machine
2202,Running In Place Toe Tap Air Touch,Cardio
1131,Heavy Bag / Shadow Boxing,Other
88,6 Ways,Other
1216,Hollow Hold,Bodyweight
1149,Hex Press,Dumbbell
2785,Tibia Raise,Bodyweight
2844,Triceps Extension (Straight Bar),Machine
152,Alternating Lateral Ball Slams,Other
428,Bradford Press,Barbell
2395,Single Arm Bicep Curl,Dumbbell
964,Forearm Curl Straight Bar,Barbell
2401,Single Arm Farmer Carry,Dumbbell
1481,Lateral Shuffle With Ball Toss,Other
1677,Mini Band - Walking,Bands
2121,Reverse Wrist Curl,Dumbbell
2857,Twists,Bodyweight
2217,Sandbag Bent-Over Row,Other
2149,Ring Rack Chins,Bodyweight
2792,Tire Slams,Other
1186,Hip Airplanes,Other
693,Curtesy Step Up,Bodyweight
1732,Offset Carry,Other
2314,Seated Shoulder Press,Dumbbell
970,Forearm Raise,Other
566,Chest Press (Resistance Band),Bands
966,Forearm Finger Curl Pronated (Optional),Barbell
1520,Lift From The Lap To Chest Height (Vertical Method 1),Other
963,Forearm Curl,Dumbbell
714,Dead Hang For Time,Bodyweight
416,Bottom Half Standing Calf Raise,Bodyweight
1693,Nautilus Single Arm Curl,Machine
548,Cartwheel,Other
737,Decline Chest Press,Machine
2718,Suitcase Carry,Dumbbell
631,Close Grip Elevated Pushups,Bodyweight
3014,Yoga (Stretching Routine),Other
1773,Overhead PVC Pass-Throughs,Bodyweight
1523,Light Jog,Cardio
435,"Bulgarian Split Squat (12,10,8,6,4/Per Leg)",Bodyweight
2436,Single Arm Tricep Press down,Machine
59,1km Run (4/3),Cardio
1882,Plate Raise,Barbell
2963,Wide Grip Chest Press,Barbell
570,Chest Press-Around,Machine
1529,Linear Accelerations - 30 Yards Moderate/ 10 Yards Max,Other
1746,One Arm Press,Dumbbell
2009,RP Nautilus Chain Fed Decline Press,Machine
1159,High Incline DB Press,Dumbbell
914,Face Pull (Rotator Cuff),Machine
289,Barefoot Mobility,Other
757,Deep Split Squats (Weighted),Bodyweight
414,Bosu Squat,Bodyweight
885,Elevated Pigeon Stretch,Other
1477,Lateral Short Shuffle,Cardio
2972,Wide Grip Tricep Push Down,Machine
1642,Massive Curls,Other
802,Drag Curls,Barbell
2235,Sandbag carry,Other
2375,Side Extension,Bodyweight
2704,Straight Leg Shuffle 20 Yrds,Cardio
221,Band Resisted Steal Starts,Bands
2390,Side-Lying Hip Abduction,Bodyweight
1662,Medicine Ball Hook,Other
550,Cat Cow Stretch,Other
692,Curl-Up,Bodyweight
2215,Sandbag Bear Hug Carry (3 Sets),Other
453,Butterfly DB,Dumbbell
3015,Yoga Bridge,Other
1351,Keenan Pullover Sagital,Machine
3016,Yoke,Barbell
542,Cardio (LISS),Cardio
663,Couch Stretch,Other
2244,SchräGbankdrüCken,Barbell
603,Child'S Pose Strech,Other
742,Decline Dumbell Scullcrusher,Dumbbell
772,Deficit Row,Barbell
1652,Med Ball Rotational Toss,Other
1017,GH Situp,Bodyweight
2048,Rest 2 To 3 Minutes,Other
960,Foam Rolling,Other
2342,Shiko,Other
1217,Hollow Rock,Bodyweight
1692,Nautilus Inspriation Row (Wide-Grip),Machine
2195,Row Between Chairs,Bodyweight
1291,Incline Rear Delt Raises,Dumbbell
2594,Speed Squat,Bodyweight
2051,Rest Pause - Chest Isolation (Placeholder),Other
647,Competition Squat,Bodyweight
2900,VO2 Max Intervals,Other
1919,Preacher Curl (Plate Loaded),Machine
442,Bulgarien Split Sqauts,Bodyweight
1521,Light Cardio,Cardio
2525,Skull Crusher (EZ bar),Barbell
1586,Lying Hamstring Curl,Machine
2277,Seated Flexion Row,Machine
1019,GHR’s,Bodyweight
2376,Side Knees To Elbows,Bodyweight
913,Face Pull (Paused),Machine
293,Batwing Row,Dumbbell
1605,M Drill,Other
1614,Mace Ball Uppercut,Other
2458,Single Leg Glute Bridge,Bodyweight
1733,Omni Press,Machine
1670,Mercy 30 Curls,Barbell
2162,Rollouts,Bodyweight
1163,High Knee Butt Kick Run 15 Yards,Cardio
2597,Spider Front Raises,Dumbbell
2814,Tree Pose,Other
1318,Iso-lateral Low Row,Machine
1491,Leaning Overhead Extension,Machine
981,French Press,Barbell
1304,Incline dumbell row,Dumbbell
1274,Incline Dumbell Press,Dumbbell
1925,Preacher Death Curls,Barbell
1659,Medicine Ball Chest Pass,Other
1998,RP Flat Hammer Chest Press,Machine
790,Donkey Kick (Strap Band),Other
2329,Seated Wrist Curls (12-15),Barbell
79,45 Degree Back Raise,Bodyweight
2040,Reserve Fly,Dumbbell
2783,Tib Raise,Other
2150,Ring Rear Delt Flies,Bodyweight
2335,Select Your Pressdown (Swap This Out For A Listed Exercise),Other
1644,Max - Squat/Hinge (Placeholder),Other
562,Chest Press,Machine
1835,Pigeon Stretch with Thoracic Rotation,Other
2089,Reverse Grip Decline Pushup,Bodyweight
1059,Grip Hold,Other
172,Arms Behind Back Shoulder Stretch,Other
2325,Seated Triceps Press,Dumbbell
364,Bicep Curl (EZ Bar),Barbell
580,Chest Supported Incline Shrug,Dumbbell
1030,Glute Bridge Hold,Bodyweight
2242,Scapular Wall Slides,Other
892,Elliptical,Cardio
2789,Tibialis Raise,Bodyweight
1144,Heel-to-Toe Walk,Other
1701,Neck Flexion,Other
2223,Sandbag Getup To Shoulder Carry,Other
708,DB Wrist Extensions,Dumbbell
2854,Turning Kicks ( MMa),Other
2320,Seated Straight Row - Hammer Strength,Machine
1718,Nordic Curl,Bodyweight
115,Ab Coaster,Machine
1832,Peterson Step-Ups,Other
1766,Overhead Chest Press,Dumbbell
2057,Rest Pause - Triceps Isolation (Placeholder),Other
1826,Pelican Curl,Bodyweight
1983,Pushup With Rotation,Bodyweight
1944,Prowler Push,Bodyweight
2712,Strength - Quad Compound (Placeholder),Other
2812,Trapbar High Pull,Barbell
2964,Wide Grip Chest Supported Row,Machine
2380,Side Lying Hip Abduction,Bodyweight
1465,"Lateral Pull Down, Mid Twisted Grip",Machine
919,Fartlek Workout,Other
1756,One Leg Jack Knife,Bodyweight
2664,Standing Single Leg Calf Raise,Bodyweight
359,"Bicep Curl (12,10,8,6,4)",Dumbbell
2747,T Bar Rows,Barbell
1730,Oblique twist,Bodyweight
2743,Swan Dive,Bodyweight
193,Backward Run,Cardio
965,Forearm External  Rotation,Other
2411,Single Arm Lat Pullover,Machine
918,Farmer’s Walk For Time,Dumbbell
1395,Kneeling Med Ball Single Arm Pass,Other
188,Back Extension,Bodyweight
657,Core Sliders,Other
597,Chest Supported T Bar Row,Machine
2919,Wall Angels,Other
1694,Neck Circles,Other
3010,Y T W's (Incline Bench),Dumbbell
2656,Standing Pec Fly,Machine
1038,Glute Hyperextension,Bodyweight
2905,Viking Press,Machine
78,40m-200m,Other
877,Elastic Exercise Glutheus Min/Med.,Bands
2779,Thoracic Spine Foam Rolling,Other
73,30m Sprint,Cardio
2633,Stair Stepper,Machine
2627,Squats (Pin),Machine
1225,ISO Low Row,Machine
2910,Walking Lunge,Bodyweight
1016,Full-Body Mobility Routine 8 (Follow Along),Other
1715,Neutral Grip Row,Machine
2192,Round Off,Other
3006,Wrist Ulnar Deviation,Other
2213,Sandbag  Press,Other
2327,Seated Twists,Other
1121,Hanging Knee Raises,Bodyweight
176,Around The World,Dumbbell
1904,Power Jerk,Barbell
1705,Neck Side Curl,Other
614,Clap Pushups,Bodyweight
853,"Dumbell Row (12,10,8,6,4/Per Arm)",Dumbbell
2257,Seated Bike,Machine
2990,Workout,Other
1608,MEOW MEOW,Other
163,Any Press,Other
1011,Full-Body Mobility Routine (Follow Along),Other
2110,Reverse Medicine Ball Throw,Other
1109,Hand Release Push,Bodyweight
2072,Reverse Curl,Barbell
2016,Rack Chins,Bodyweight
2013,RP Seated Hamstring Curls,Machine
2686,Stir The Pot,Other
1540,Long rope standing overhead ext,Machine
1812,Patrick Step,Bodyweight
1041,Glute Med Kickback,Machine
1829,Pendulum Squat,Machine
1213,Hip abduction,Other
1594,Lying Paused Rope Face Pull,Machine
1201,Hip Raise,Bodyweight
350,Bent Over Reverse Fly,Dumbbell
1989,Quarter Arc Runs,Other
72,300m Row,Cardio
3017,Yoke Carry,Barbell
1615,Mace Work,Other
1451,Lateral Ground Starts 10 Yards,Other
855,Dumbell Squat Raises,Dumbbell
2418,Single Arm Preacher Curl,Dumbbell
652,Conditioning Circuit,Other
1894,Pogo Hop,Bodyweight
1403,L-Sit Hold On Parallettes,Bodyweight
2155,Ring Triceps Extension,Bodyweight
1012,Full-Body Mobility Routine 3 (Follow Along),Other
2985,Wirst Forearm Curl,Barbell
71,3-Way Shoulder Raise,Dumbbell
2803,Trap 3 Raise,Dumbbell
1300,Incline Tricep Power Bomb,Dumbbell
213,Band Fly,Other
456,Butterfly Stretch,Other
611,Clamshells,Bands
1967,Pullover Press,Barbell
264,Bar Skull Crusher,Barbell
1177,Hight To Low Woodchoppers,Other
189,Back Extension (Weighted),Bodyweight
1457,Lateral Lunge,Bodyweight
937,Flat Laying Db Curl,Dumbbell
1325,JM-Skull Crush,Barbell
2670,Stationary Bike,Machine
1003,Front Raise (Palms Up),Dumbbell
876,Egyptian Lat Raise,Machine
2322,Seated Tibialis Raise,Machine
256,Banded Shoulder Extensions,Bands
58,1km Run,Cardio
1130,Heavy Bag,Other
1643,Max - Bench/Press,Barbell
1754,One Leg Calf Raises,Bodyweight
2041,Resistance Band Chest Fly,Bands
2036,Rear Foot Elevated Split Squat,Bodyweight
56,120m Sprint,Cardio
1043,Glute-Ham Raise,Bodyweight
2509,Sitting French Curl,Barbell
659,Cossack Squat,Bodyweight
212,Band Face Pull,Bands
1645,Meadow Row,Barbell
679,Crossover Run 10 Yards,Cardio
675,Cross-Body Lat Pull-Around,Machine
2787,Tibialis,Other
143,Air Cycling,Bodyweight
383,Bike Erg,Cardio
2766,Tempo Bulgarian Splits Squats,Bodyweight
234,Banded Baseball Complex,Other
2641,Standing Calf Raise,Bodyweight
2957,Weighted Wide Grip Pullups,Bodyweight
2958,Weighted Wrist extension,Dumbbell
866,Dynamic Warm-up,Other
294,Bayesian Curl,Machine
1098,Hammer Strength Chest Press,Machine
1401,Kroc Row,Dumbbell
2413,Single Arm Overhead Ext (Dumbell),Dumbbell
1943,Prowler Pull,Machine
1987,Quadruped T-Spine Rotations,Other
153,Alternating Linear Pogos 10 Yards,Other
543,Cardio (Zone 2),Other
2321,Seated T-Spine Rotations w/ PVC,Other
2194,Row (Band),Bands
1180,Hip Abduction (Band),Bands
2290,Seated Incline Press,Dumbbell
927,Fire Hydrant (Band),Bands
2182,Rope Pullover,Machine
945,Flex - Triceps (Placeholder),Other
1327,Jaegar Bands Warmup,Other
916,Facepulls,Machine
1531,Liu Raise,Other
2511,Sitting Hamstring Stretch,Other
2615,Squat (Low Bar),Barbell
226,Band Static Trunk Circuit,Bands
2797,Toe Touch,Other
53,100m Row,Cardio
1840,Pillar Bridge (hold),Bodyweight
697,Curtsy Lunge Weighted,Bodyweight
585,Chest Supported Rear Fly,Dumbbell
452,Butt Kicks,Other
2343,Short Foot Exercise,Other
707,DB Reverse Lunges,Bodyweight
432,Broomstick Twist,Barbell
2611,Squat,Bodyweight
872,Easy Curl Bent-Over Row,Barbell
871,EZ Bar Upright Row,Barbell
1065,Guillotine press,Barbell
2711,Strength - Horizontal Push (Placeholder),Other
66,21s (EZ Bar),Barbell
915,Facepull,Machine
2114,Reverse Pecdec Fly,Machine
451,Butt Kick Run 10 Yrds,Cardio
2553,Slow Eccentric Sissy Squats,Bodyweight
1590,Lying Knee Raise,Bodyweight
791,Donkey Kicks,Bands
983,Frog Pump,Bodyweight
2211,Safety Bar Squat,Barbell
2008,RP Military Press,Barbell
2632,Stair Master,Cardio
920,Fat Grip Hold,Other
411,Bosu Ball Squats,Bodyweight
2815,Triangle Pose,Other
3047,inner thigh,Other
694,Curtsy Lounge,Bodyweight
1636,Main Hold,Other
1466,"Lateral Pullover, Rope",Machine
100,90/90 Stretch Legs Crossed,Other
1706,Neck Tilts,Other
1964,Pullover (EZ Bar),Barbell
2746,Swiss Bar Bench,Barbell
1317,Iso-lateral High Row,Machine
1126,Hanging Shoulder Rotations,Dumbbell
906,Ez Bar Skullcrusher,Barbell
1404,L-Sit Holds,Bodyweight
879,Elephant Walk,Other
1824,Pec Stretch,Other
38,(SHOULDERS) Rear Delts Fly,Dumbbell
942,Flex - Horizontal Pull (Placeholder),Other
1347,KOT Calf Raise,Bodyweight
1736,One Arm  Pullup Test,Bodyweight
1830,Penguins 🐧,Other
972,Forearm Shit,Other
956,Fly (Chain),Other
1266,Incline Dumbbel Curl (Low Bench),Dumbbell
2753,TRICEPS,Other
245,Banded Glute Activation,Bands
3002,Wrist Roller,Other
1158,High Incline DB Bench,Dumbbell
2108,Reverse Lunge-Foot Evelated,Bodyweight
2887,Upper Push Accessory 2,Other
344,Bent Knee Standing Calf Raise,Bodyweight
861,Dynamic Med Ball Soccer Toss,Other
1752,One Arm Tricep Pressdown,Machine
1377,Klokov Press,Barbell
1313,Is Ys Ts Ws,Other
759,Deep Squat Hold With Rocking,Bodyweight
202,Ball Ab Lifts,Bodyweight
2482,Single Leg Squat With Bench,Bodyweight
2389,Side-Lying Clamshells,Bands
986,Front / Side Raises,Dumbbell
103,A Skip,Other
2135,Ring Face Pull,Bodyweight
1004,Front Shrug,Other
2625,Squat With Chains,Barbell
2341,Sheaf Throw,Other
700,Cycling,Cardio
1478,Lateral Shuffle,Cardio
0,[PAD],Other
2517,Skier Rows,Cardio
1319,Isolation Work (Optional),Other
122,Ab Wheel,Bodyweight
2226,Sandbag Press,Other
415,Bottom Half DB Fly,Dumbbell
1381,Knee Raise (Captain's Chair),Bodyweight
2646,Standing Ez-Bar Curl,Barbell
2862,Underhand Pull-down biceps,Machine
1930,Press Around,Machine
1555,Low-Intensity Cardio,Cardio
2891,V Bar Over Head Extension,Barbell
1804,Partial Calf Raise,Bodyweight
854,Dumbell Skullcrusher,Dumbbell
977,Frame Carry,Machine
1021,Garhammer Raises,Bodyweight
2925,Wall Tib Raise,Bodyweight
946,Flexion Row,Barbell
1900,Powell Raise,Dumbbell
309,Behind The Neck Press (Seated),Barbell
1120,Hanging Knee Raise,Bodyweight
962,Forearm,Other
211,Band Extensions,Other
588,"Chest Supported Row (12,10,8,6,4)",Dumbbell
2199,Rucking,Other
1532,Load To Height,Other
1093,Hammer Preacher Curl (Dumbell),Dumbbell
217,Band Pull Apart,Bands
2694,Straight Arm Push down,Machine
1033,Glute Bridges With Resistance Band,Bands
2159,Roll Up,Bodyweight
1164,High Knee Run 10 Yrds,Cardio
2225,Sandbag Highpull,Other
310,Behind The Neck Pullups,Bodyweight
1654,Med Ball Side Slam,Other
1424,Lat Press Down,Machine
1637,Main Hold 2,Bodyweight
76,400m Row,Cardio
1122,Hanging Lat Stretch,Bodyweight
2790,Tibialis Raises,Bodyweight
1157,High Incline Chest/Shoulder Press,Machine
2420,Single Arm Preacher Curls,Dumbbell
155,Alternating Lunge with Rotation,Bodyweight
2198,Ruck March,Other
178,Assault Bike,Cardio
1445,Lateral Alternating Bounds,Cardio
2059,Rest Pause - Vertical Push (Placeholder),Other
3005,Wrist Supination,Dumbbell
1111,Hand Stand,Bodyweight
1211,Hip Thrust DB,Bodyweight
1565,Lu Raise,Other
1765,Overhead Carry,Other
118,Ab Roller,Bodyweight
1387,Kneeling Band Twists,Bands
2303,Seated Overhead Extension (EZ Bar),Barbell
2112,Reverse Pec Dec,Machine
2427,Single Arm Rear Delt Fly,Dumbbell
1682,Monster Walks,Bands
3012,Yates Row,Other
534,Calf Raise Sumo,Bodyweight
1246,Incline Bicep Curl,Dumbbell
2493,Single-Leg Balance(Barefoot),Other
2279,Seated Forward Fold,Other
49,1 Km Run,Cardio
2770,Tempo Overheadpress,Barbell
2050,Rest Pause - Calves (Placeholder),Other
862,Dynamic Mobility,Other
2908,Walk,Cardio
1613,Mace Ball 360,Other
1786,Overhead Squat,Barbell
3035,Zottman Curls,Dumbbell
2904,Vertical traction,Machine
634,Close Grip Larsen Press,Barbell
2052,Rest Pause - Hamstring Isolation (Placeholder),Other
1289,Incline Rear Delt Fly,Dumbbell
2519,Skin The Cat,Bodyweight
9,(BACK) Iso Row (Upper Back Focused),Machine
987,Front Carry,Dumbbell
2882,Upper Back Row,Machine
2326,Seated Triceps Push Down,Machine
2914,Walking Lunges,Bodyweight
1666,Medicine Ball Throw,Other
2714,Strength - Vertical Push (Placeholder),Other
1479,Lateral Shuffle To Ball Drop,Other
1024,Glute Bridge (Band),Bodyweight
1825,Pec/Trap Complex,Other
909,FHL Calf Raise,Bodyweight
2672,Stationary bike,Cardio
1552,Low Row - Plate Loaded (Arsenal),Machine
1566,Lu Raises,Other
1880,Plate Pin holder Hold,Other
2058,Rest Pause - Vertical Pull (Placeholder),Other
1941,Prone Y Lifts,Bodyweight
1079,Half Kneeling Starts 10 Yards,Cardio
1528,Line Hops,Cardio
239,Banded Cuban Rotations,Bands
2998,Wrist Extension,Other
1787,Overhead Squat Holds (Pause at Bottom),Barbell
921,Fat Grip Reverse Curls(Ez Bar),Barbell
2498,Single-Leg Stretch,Other
1091,Hammer Preacher Curl,Machine
905,Ez Bar Skull Crusher,Barbell
1147,Helms Row,Dumbbell
928,Fire Hydrants,Bodyweight
158,Anderson Squat,Barbell
858,Dump The Buckets,Dumbbell
2391,Side-Lying Hip Raise,Bodyweight
2409,Single Arm Landline Press,Barbell
709,DY Row,Machine
2344,Short-Lever Copenhagen,Bodyweight
250,Banded Kettle Bell Swings,Bands
228,Band Twists,Bands
422,Bounds,Cardio
1993,RDL / Same Movement,Barbell
455,Butterfly Reverse,Machine
1842,Pillar Bridge w/ Arm Reach,Bodyweight
2319,Seated Spinal Twist,Other
1305,Incline dumbell skiers,Dumbbell
2776,Terminal Knee Extensions,Bands
238,Banded Clam Shells,Bands
2916,Walking Lunges w/ Pulse,Bodyweight
672,Cross Body Shoulder Stretch,Other
1322,JM Press,Barbell
1533,Loading,Other
979,Free Motion Pec Fly,Machine
989,Front Carry Lunge For Time,Bodyweight
1534,Log Press,Barbell
1750,One Arm Rope Push Down,Machine
545,Carioca Quick Step 10 Yards,Other
295,Baysian Curl,Machine
1076,Half Kneeling Lateral Starts 10 Yards,Cardio
803,Dragon Flag,Bodyweight
2358,Shr,Other
2849,Triceps press,Dumbbell
1245,Incline Bench Row,Dumbbell
999,Front PullDwon,Machine
2060,Retro Walking Treadmill,Cardio
1899,Posture Excercise,Other
87,500m Row,Cardio
1188,Hip Bridge March,Bands
1921,Preacher Curl - Hammer Strength,Barbell
1107,Hand Gripper,Other
2224,Sandbag High Pull (3xReps),Other
1234,Incline Bench Ppress (Low Incline),Barbell
1014,Full-Body Mobility Routine 6 (Follow Along),Other
1101,Hamstring Curl,Bands
2472,Single Leg Quad Extension,Machine
2414,Single Arm Overhead Exte,Dumbbell
68,250m Row,Cardio
208,Band Chest Flyes,Bands
2886,Upper Push Accessory 1,Other
2184,Rotary Torso,Machine
1663,Medicine Ball Punch,Other
127,Abrazo Del Oso,Bodyweight
161,Any Back,Other
1588,Lying Incline Death Curls,Barbell
2230,Sandbag Shoulder Squat,Other
2727,Sumo SLDL,Barbell
1640,Marching In Place,Other
63,200m Row,Cardio
1986,Quadriceps Sets,Other
1938,Pronation Curl,Barbell
2077,Reverse Fly,Dumbbell
2228,Sandbag Row (3xReps),Other
1074,Half Kneeling High Band Row,Bands
1309,Inverse Zottman Curl,Dumbbell
2676,Step-Up (Weighted),Bodyweight
793,Doorway Stretch,Other
1161,High Incline Press,Dumbbell
1817,Paused Calf Raise Of Choice,Bodyweight
184,B Stance rdl,Dumbbell
1697,Neck Curl&Extension,Other
1314,Iso Bench (UTD),Other
1449,Lateral Bound with Stick,Cardio
1524,Light Leg Exercise (Swap Out For Something Thatll Pump Whatever Is Sore In Your Leg),Other
1463,Lateral Power Shuffles 10 Yards,Cardio
1297,"Incline Treadmill Walk (5–10 Incline, 3.0 Speed)",Cardio
1259,Incline Chestfly,Dumbbell
1581,Lying Chest Pass Med Ball Throw,Other
880,Elevated Bulgarian Split Squat,Bodyweight
1844,Pin Press Squat,Barbell
2843,Triceps Diverging Pressdown (Long Rope),Machine
242,Banded External Rotation,Bands
715,Deadbug,Other
1461,Lateral Neck,Other
1192,Hip Extension,Other
1755,One Leg Hip Thrust,Other
2336,Select Your Squat Accessory (Swap This Out For A Listed Exercise),Other
140,Agachamento Hack Sentado,Machine
3053,shrug,Dumbbell
852,Dumbell Push Jerk,Dumbbell
2928,Warrior Post 1,Other
2589,Speed Bench,Barbell
665,Couch Touches,Bodyweight
2450,Single Leg Calf Raise (Weighted),Bodyweight
2652,Standing March (Bands),Bands
2901,Vatsat,Bodyweight
2333,Select Your Extension (Swap This Out For A Listed Exercise),Other
70,3 Count Pause Bench,Barbell
2660,Standing Shoulder Press,Dumbbell
2858,Two Phase Pull,Other
2907,Waiter Curl,Dumbbell
304,Behind The Back Holds,Barbell
2053,Rest Pause - Horizontal Pull (Placeholder),Other
1081,Hammer Bar Curl,Dumbbell
2768,Tempo OHP,Other
884,Elevated Heel Squat Holds,Bodyweight
2513,Skater Hop,Other
796,Double Leg Multi-Directional Pogo,Cardio
2883,Upper Back Rows,Machine
1248,Incline Buffalo Bench,Other
319,Behind-the-Neck Push Press,Barbell
1127,Hanging Toes To Bar,Bodyweight
780,Dinnie Lift,Other
1143,Heel Walks 20 Yards,Bodyweight
2933,Weight Over Bar,Other
216,Band Pistons,Other
2047,Rest,Other
2094,Reverse Grip Push Down,Machine
1308,Internal/eternal Rotation,Other
2203,Russian Twist,Bodyweight
1878,Plate Front Raises,Other
2492,Single-Arm Rainbow Curls,Other
2010,RP Overhead Triceps Extension,Dumbbell
917,Farmer's Walk (Weighted),Dumbbell
996,Front Lever Hold,Bodyweight
1969,Push Accessories,Other
40,(SHOULDERS) Seated Iso Shoulder Press,Machine
2251,Seated Alternating Lateral,Dumbbell
1,[MASK],Other
1856,Planche Progression Hold,Bodyweight
77,400m Sprint,Cardio
2872,Unilateral Preacher Curl,Dumbbell
1722,Oblique Accessory 1,Other
997,"Front Loaded Squats (Sandbag, Odd Object)",Other
3045,fire hydrant,Other
1725,Oblique Heel Touch,Bodyweight
661,Cossack Squats,Bodyweight
2237,Sauna,Other
1885,Plate pinch,Other
1985,Quad/Hip Flexor Stretch - 1/2 Kneeling,Other
1612,MTS Row,Machine
2689,Straight Arm Chest Raise,Machine
2032,Rear Delt Neck Supported,Other
61,2 Handed Anyhow,Other
2503,Sissy Squat (Weighted),Bodyweight
81,45 Degree Incline DB Press,Dumbbell
2701,Straight Leg Calf Raise,Bodyweight
199,Bag Throw,Other
2984,Windshield Wipers,Bodyweight
306,Behind The Back Shrug,Barbell
64,200m Sprint,Cardio
2497,Single-Leg Stand,Other
124,Ab Wheel [Weighted],Bodyweight
1447,Lateral Banded Walk,Bands
2965,Wide Grip Incline Benchpress,Barbell
1597,Lying Reverse Fly,Dumbbell
2696,Straight Back Kickbacks,Bodyweight
2349,Shoulder Press,Dumbbell
2316,Seated Shoulder Press (Behind Neck),Barbell
97,90/90 Hip Rotations,Other
2197,Rubber Band Vertical Pull-A-Parts,Other
1798,Pallof Hold,Bands
2771,Tempo Press,Barbell
2243,Scarecrows,Dumbbell
15,(BICEPS) Single Arm Hammer Preacher Curl,Dumbbell
974,Forearms Curls,Barbell
658,Core Work (You Choose),Other
112,ATG Lunge,Bodyweight
1261,Incline Curl,Dumbbell
2157,Rising,Other
2045,Resisted Alternating Knee To Chest,Bodyweight
587,Chest Supported Row,Dumbbell
2253,Seated Anterior Delt Press (AD),Dumbbell
2,[UNK],Other
2608,Split stance KB Windmill,Dumbbell
425,Box Shuffle,Other
107,ACB Reverse Close Grip Bench,Barbell
220,Band Resisted Sprints 20 Yards,Bands
2983,Windmill,Other
867,Dynamic Warmup,Other
1296,Incline Treadmill,Cardio
138,Adduction,Bodyweight
705,DB Hip Hugger,Dumbbell
1968,Punching Bag,Other
922,Fear Press,Dumbbell
1197,Hip Flexor Raise,Bodyweight
1819,Paused Incline Press,Barbell
1695,Neck Curl,Other
1458,Lateral Lunge (Weighted),Bodyweight
74,3in Board Press,Barbell
2128,Rhino Row - Single Arm,Dumbbell
911,Face Pull,Machine
3023,Z-Sit Shoulder Press,Dumbbell
2982,Williams Extensions,Other
1962,Pullover,Machine
632,Close Grip Incline Bench,Barbell
200,Bajan Curl,Machine
2675,Step downs,Bodyweight
1235,Incline Bench Preacher Curl,Dumbbell
1850,Piriformis Stretch,Other
2848,Triceps Rope Above Head,Machine
1275,Incline Fly,Dumbbell
1831,Peterson Step Ups,Bodyweight
2691,Straight Arm Pull Down,Machine
201,Balance Board,Other
957,Fly Into Press,Other
902,External Rotations,Bands
1827,Pelvic Tilts,Other
1841,Pillar Bridge w/ Arm Lift,Bodyweight
1348,Kas Glute Bridge,Bodyweight
2944,Weighted Hanging Oblique Knee Raise,Bodyweight
2690,Straight Arm Lat Pull Down (12-15),Machine
1175,High-To-Low Neutral-Grip Lat Row,Machine
1726,Oblique QL Side Raise,Bodyweight
2534,Slant board calf stretch,Other
1890,Plyo Wall Reverse Throws,Other
1855,Planche Progression,Bodyweight
2975,Wide Neutral Pullups,Bodyweight
1165,High Knees,Other
240,Banded Deadbug,Bands
2236,Sandbag-To-Shoulder,Other
1142,Heel Taps,Bodyweight
1166,High Pull,Barbell
1492,Leg Circles,Bodyweight
2231,Sandbag Shoulder Toss,Other
1227,In And Out,Other
1100,Hammer Strength Preacher Curl,Machine
3008,Y Raise,Dumbbell
197,Backwards Walk,Other
1349,Katana Extension,Other
690,Curl And Hold,Other
1813,Pause Press(Bench),Barbell
2979,Wide Stance Rdl,Barbell
1759,Opposite Grip Pullups (Chins If Your Primary Is Pullups And Vice Versa),Bodyweight
800,Downward Dog,Other
2699,Straight Bar Wrist Curl,Barbell
160,Anterior Tibialis Raises,Bodyweight
1839,Pike Pushup (Feet Elevated),Bodyweight
2778,Thoracic Extension Stretch,Other
2003,RP Incline Hammer Strength Press,Machine
1440,Lat Pullover,Machine
92,8 Minute Core Routine,Other
2345,Shoulder Banded Rotations,Bands
2930,Warrior Post 3,Other
2152,Ring Row (Weighted),Bodyweight
1029,Glute Bridge - 2 Up 1 Down,Bodyweight
2989,Wood Chopper,Other
457,C Drill,Other
376,Biceps Pull-Down,Machine
2049,Rest Pause - Biceps (Placeholder),Other
1397,Kneeling Med Ball Soccer Toss,Other
384,Bike Ride,Other
2648,Standing Knee Drive,Bodyweight
1386,Knee-to-wall ankle rocks,Bodyweight
1834,Pigeon Stretch Altered,Other
2793,Titan's Telegraph,Other
1220,Hyperextension,Bodyweight
2479,Single Leg Seated Hamstring Curl,Machine
2679,Stick Dislocates,Other
1486,Lateral walks  (banded),Bands
2977,Wide Row,Dumbbell
1103,Hamstring Lean,Other
394,Block Press,Barbell
1801,Pallof Press Walkouts,Bands
2505,Sissy Squats (Full ROM),Bodyweight
2764,Tech Drills,Other
666,Crab Walk,Bodyweight
703,DANCER AB ROUTINE 6 MINUTES,Other
84,45-degree Side Bend,Bodyweight
351,Bent Over Row,Barbell
1230,Inchworm Walkout,Other
142,Air Bike,Cardio
860,Dynamic Med Ball Side Slam,Other
2481,Single Leg Squat (On Plates),Bodyweight
609,Chinese Lateral Elevations,Dumbbell
2227,Sandbag Row,Other
251,Banded Knee Extensions,Bands
19,(CARDIO) SKI ERG,Cardio
252,Banded Overhead Squat,Bands
2466,Single Leg Lateral Line Hops,Cardio
1283,Incline Hybrid DB Fly,Dumbbell
1562,Lower Body Twist,Bodyweight
768,Deficit Reverse Lunge,Bodyweight
1769,Overhead Extension (EZ Bar),Barbell
1482,Lateral Shuffles 10 Yards,Cardio
971,Forearm Roller,Other
2991,World's Greatest Stretch,Other
2256,Seated Biceps Curl,Dumbbell
1775,Overhead Plate Circle,Other
2153,Ring Sissy Squat,Bodyweight
209,Band Curls,Bands
1311,Inverted Row,Bodyweight
1506,Leg Pres (Low Pad),Machine
3056,tire with hammer,Other
129,Abs Circut,Other
1854,Plancha Bing Chilling,Other
1585,Lying Face Pull (Rope),Machine
2748,T Drll,Other
2741,Supinated Grip Chin-ups,Bodyweight
1032,Glute Bridges,Bodyweight
547,Carry medley,Other
2252,Seated Altrnating Dumbell Curl,Dumbbell
932,Flat Chest Db Press,Dumbbell
2629,Stability Ball Hamstring Curl,Other
1063,Guillotine Press,Barbell
2595,Spider Curl,Dumbbell
2185,Rotating Bicep Curl,Dumbbell
2151,Ring Row,Bodyweight
2405,Single Arm Incline Press,Dumbbell
1538,Long Toss 30 Feet - Arc Throws,Other
1905,Power Shrug,Barbell
429,Braemar Stone,Other
2554,Slow Negative Cossack Squats,Bodyweight
1516,Leg Swings,Other
2406,Single Arm Iso Row,Machine
1223,"I, Y, T (IYT) Raise",Other
553,Change Of Direction Sprints,Other
2700,Straight Leg Bounds 20 Yards,Cardio
444,Bulldozer Fly,Other
2929,Warrior Post 2,Other
2201,Running In Place,Cardio
1104,Hamstring Oefening,Other
1419,Lat Biased Row,Machine
753,Decline Skullcrusher,Barbell
2459,Single Leg Hamstring Curl,Machine
2658,Standing Reverse Fly,Dumbbell
1517,"Legg Press (12,10,8,6,4)",Machine
2945,Weighted Knee Raises,Bodyweight
612,Clamshells (Band),Bands
2081,Reverse Forearm Curl,Barbell
144,Alternate Bounds,Other
2654,Standing Overhead Extension,Barbell
2034,Rear Delt Skier,Barbell
2422,Single Arm Pull Down,Machine
563,Chest Press (Convergent),Machine
2111,Reverse Nordic Curl,Machine
961,Foot To Bar,Bodyweight
1168,High Row,Machine
2044,Resistance Band Stretching,Other
2620,Squat Press,Dumbbell
247,Banded Hip Abduction,Bands
1907,Power Skips Distance 20 Yrds,Cardio
99,90/90 Stretch,Other
2189,Rotator Cuff (Seated - Kneesovertoes),Other
2827,Tricep Kick Back,Dumbbell
604,Child's Pose,Other
2599,Spin,Other
2713,Strength - Squat/Hinge (Placeholder),Other
984,Frog Pumps,Bodyweight
2310,Seated Rhino Row,Machine
108,ACFT Sprint Drag Carry (SDC),Other
2934,Weight Over Bar (Highland Games),Other
1292,Incline Rear Delt Raises W External Rotation,Dumbbell
801,Drag Curl,Barbell
2531,Skullcrusher (EZ Bar),Barbell
2863,Underhand Row,Barbell
1392,Kneeling Med Ball Front Toss,Other
758,Deep Squat Hold,Bodyweight
644,Cobra Stretch,Other
1199,Hip Hinge,Other
1703,Neck Press/Guillotine Press,Barbell
1039,Glute Kickback,Machine
1133,Heavy Hammer,Other
2460,Single Leg Hip Thrust,Bodyweight
2635,Stairs,Cardio
2830,Tricep Kickbacks,Dumbbell
939,Flat Walk,Other
1901,Power Bounds Distance 10 Yards,Other
173,Arms-Extended 45° Hyperextension,Bodyweight
1646,Meadows Curl,Dumbbell
387,Bilateral Snapdown,Other
1000,Front Raise,Dumbbell
2444,Single Leg Bridge,Bodyweight
1061,Ground Starts 10 Yards,Cardio
237,Banded Chest Fly,Bands
2987,Wood Chop (High To Low),Dumbbell
869,EZ Bar Skull Crusher,Barbell
1396,Kneeling Med Ball Slam,Other
1224,I-Y-T : Reverse Banded,Other
1344,KAS Glute Bridge Hold,Bodyweight
1939,Pronation Curls,Dumbbell
1356,Kennan Flap,Other
1970,Push Jerk,Barbell
233,Banded Backwards Kicks,Bands
549,Cast Backward Circle,Other
2334,Select Your Leg Accessory (Swap This Out For A Listed Exercise),Other
1761,Overcoming ISO Close Grip Bench,Barbell
2502,Sissy Squat,Bodyweight
69,2km Row,Cardio
2179,Rope Curl,Machine
2673,Steady-State Cardio,Cardio
525,Calf Raise,Bodyweight
1306,Internal Rotation,Other
1935,Pro Shuttle Ea Direction,Other
1699,Neck Extension,Other
255,Banded Shoulder Dislocates,Bands
1982,Pushup,Bodyweight
1679,Modified Curl Up,Other
249,Banded Hip Flexor Marches,Bands
2002,RP Hammer Strength Shoulder Press - Plate Loaded,Machine
307,Behind The Back Shrugs,Barbell
2347,Shoulder Dislocations W/ Band,Bands
1178,Hill Sprint / Stairs Sprint,Cardio
1090,Hammer Preacher,Dumbbell
106,ACB Close Grip Bench,Barbell
1335,Jog,Cardio
2780,Thread The Needle,Other
1013,Full-Body Mobility Routine 5 (Follow Along),Other
1683,Monster Walks (hip Circle),Bands
1254,Incline Chest Fly,Dumbbell
1988,Quadruped Thread-the-Needle Rotations,Other
1936,Pronated Finger Curls,Barbell
2913,Walking Lunge (Weighted),Bodyweight
95,90/90,Other
1796,Overhead Triceps Stretch,Other
1748,One Arm Reverse Fly,Dumbbell
308,Behind The Neck Press,Barbell
2885,Upper Pull Accessory 2,Other
218,Band Pull Aparts Routine,Bands
2372,Side Chop,Other
1480,Lateral Shuffle To Sprint 10 Yards,Cardio
1226,IYT (Banded),Other
1883,Plate Raises,Other
2668,Static Curl,Dumbbell
1015,Full-Body Mobility Routine 7 (Follow Along),Other
2515,SkiErg,Cardio
1649,Med Ball Broad Toss,Other
2200,Run,Cardio
2674,Steal Starts 10 Yards,Cardio
2270,Seated Dumbbel Shrugs,Dumbbell
990,Front Foot Elevated Lunge,Bodyweight
117,Ab Roll,Bodyweight
967,Forearm Finger Curl Supinated (Optional),Dumbbell
1331,Jefferson Curl,Dumbbell
1170,High Step Up,Bodyweight
643,Cobra Pushups,Bodyweight
1190,Hip Circles,Other
1906,Power Skips 20yds,Other
2999,Wrist Figure 8s w/ Light Plate,Other
1312,Iron Cross,Other
1816,Paused Bench 2 Sec,Other
1913,Preacher Curl  (Plate Loaded),Machine
2180,Rope Face Pulls,Machine
159,Anterior Tibialis Raise,Bodyweight
360,Bicep Curl (12-15),Dumbbell
57,1km Row,Other
668,Cross Body Lat Pull Around,Other
385,Bike Sprint,Other
290,Basyian Curl,Machine
2440,Single Leg / Core Accessories,Other
2302,Seated Or Lying Hamstring Curl (Swap This Out For Either),Machine
2813,Treadmill,Cardio
2506,Sissy Squats (Partial ROM),Bodyweight
2339,Shadow Boxing,Cardio
2125,Reverse Wrist Curls,Dumbbell
104,AB Rollout,Bodyweight
2634,Stairmaster,Cardio
1698,Neck Curls & Extensions,Other
2029,Rear Delt Fly (Single Arm),Other
2352,Shoulder Press (Seated),Dumbbell
1138,Heel Elevated Squat,Bodyweight
1991,R.B Ab Twist,Bodyweight
1917,Preacher Curl (EZ Bar),Barbell
2659,Standing SL Hamstring Curl (Monkey Foot),Other
1264,Incline DB Curl 45 Degrees,Dumbbell
2337,Selkä,Other
1604,Lying Triceps Extension (EZ Bar),Barbell
1584,Lying DB Bicep Curl,Dumbbell
1833,Peterson Step-Ups (Weighted),Bodyweight
1541,Loop band Exercise,Other
2263,Seated Calf Raise,Machine
2210,Safety Bar Hatfield Squat,Barbell
1665,Medicine Ball Russian Twist,Bodyweight
1959,PullAround,Other
2140,Ring Lat Pull,Bodyweight
931,Flat Bench Curls,Barbell
2744,Swim,Other
3044,dead hang time,Bodyweight
992,Front Foot Elevated Split Squat,Bodyweight
2710,Strength - Hamstring Hinge (Placeholder),Other
2238,Scap Pull Down,Machine
1196,Hip Flexor Lift-offs,Other
2828,Tricep Kickback,Dumbbell
204,Ball Slam,Other
605,Child’s Pose,Other
1574,Lunge With Twist,Bodyweight
2665,Standing Thoracic Rotation,Other
368,Bicep Curl Incline (Dumbell),Dumbbell
674,Cross Body Y-Raise,Machine
1656,Med Ball Slam,Other
1329,Jammer Press,Other
794,Dorsiflexion With Band,Bands
797,Double Quadruped Transverse Hip Abduction,Bands
908,FFE Contralateral DB Reverse Lunge,Bodyweight
594,Chest Supported Row (Swiss Bar),Barbell
1984,Quad extensions,Machine
292,Batwing Isometric Holds,Other
2030,Rear Delt Fly Of Choice,Dumbbell
923,Feet Up Bench,Barbell
2120,Reverse Step-Downs,Other
613,Clamshells With Band,Bands
598,Chest Supported T Bar Row Pronated,Machine
1378,Knee Flexion. Easy To Overload,Other
894,Erg Row,Cardio
925,Finger Curl,Other
596,Chest Supported Row Of Choice,Dumbbell
1772,Overhead March,Dumbbell
96,90/90 Hip Flow,Other
105,ABS,Other
297,Bear Craw Isometric Hold,Bodyweight
1696,Neck Curl (Banded Or Plate),Other
2742,Supine Scorpions,Bodyweight
2865,Underhand Tricep Pulldown (EZ Bar),Machine
516,Cable abduction,Machine
601,Chest-Supported Row (Machine),Machine
1795,Overhead Tricep Extension Machine,Machine
893,Elliptical Machine,Machine
1443,Lat Pushdown,Machine
2004,RP Lat Pulldowns,Machine
278,Barbell Row (smith Machine),Machine
2877,Unilateral Tricep Cable Pushdown(Rope),Machine
2878,Unilaterel Leg Extension,Machine
1181,Hip Abductor (Machine),Machine
180,Assisted Squats,Machine
349,Bent Over Machine Row,Machine
2102,Reverse Hyperextension,Machine
2559,Smith Machine Calf,Machine
362,Bicep Curl (Cable),Machine
2367,Shrug Smith Behind The Back,Machine
1749,One Arm Reverse Pec Deck,Machine
2820,Tricep Extension (Banded),Machine
2867,Unilateral Cable Rear Delt Fly,Machine
1557,Low-to-High Cable Fly,Machine
2308,Seated Overhead Press (Smith Machine),Machine
1009,Front Squat (Smith Machine),Machine
2079,Reverse Fly (Machine),Machine
1053,Goblet Squats (Cable),Machine
2996,Wrist Curls (Cable),Machine
2467,Single Leg Leg Extension,Machine
1251,Incline Cable Fly,Machine
513,Cable Wrist Pushdown,Machine
2706,Straight-Arm Pulldown,Machine
1219,Horizontal Elbow-braced Cable Triceps Extension,Machine
677,Crossbody Tricep Extension,Machine
518,Cable twists,Machine
1167,High Rep Leg Extension,Machine
1501,Leg Extension (One Leg),Machine
1437,Lat Pulldown (behind neck),Machine
2355,Shoulder Press Smith machine,Machine
1471,Lateral Raise (Machine),Machine
2642,Standing Calf Raise (Machine),Machine
2350,Shoulder Press (Machine),Machine
2834,Tricep Pressdown 2 (Cable),Machine
2875,Unilateral Preacher Curl Machine,Machine
1493,Leg Curl,Machine
2449,Single Leg Calf Raise (Machine),Machine
2864,Underhand Rows (Machine),Machine
2080,Reverse Flye (Cable),Machine
1619,Machine Calf Raise,Machine
1208,Hip Thrust (Machine),Machine
474,Cable Incline Curl,Machine
2544,Sled Push Pull,Machine
194,Backward Sled,Machine
507,Cable V-Bar Seated Rows,Machine
2836,Tricep Pushdown,Machine
35,(LEGS) Sled Push,Machine
1735,Omnidirectional Sled Drag For Time,Machine
2733,Super ROM Overhead Cable Row,Machine
2976,Wide Overhand Pulldown,Machine
2756,TRX Facepull,Machine
3046,hip adduction (Cable),Machine
1527,Light cardio (Treadmill Or Rowing machine),Machine
2088,Reverse Grip Curl (Cable),Machine
1601,Lying Tricep Extension,Machine
2399,Single Arm Diagonal Pulldown (Machine),Machine
2821,Tricep Extension (Barbell),Machine
2829,Tricep Kickback (Cable),Machine
2974,Wide Neutral Pulldown,Machine
2575,Smith Upright Row,Machine
1258,Incline Chest Press (Smith),Machine
371,"Bicep Curl, Cable, Bench Out In Front",Machine
2092,Reverse Grip Machine Rows,Machine
2994,Wrist Curl Cable,Machine
1792,Overhead Tricep Extension (Dumbbell),Machine
1173,High-Cable Lateral Raise,Machine
2154,Ring Tricep Extensions,Machine
2116,Reverse Pushdown,Machine
2353,Shoulder Press (Smith Machine),Machine
734,Decline Bench Press (Smith Machine),Machine
195,Backwards Sled Drag,Machine
2331,Seated low pulley wrist curl,Machine
1632,Machine Pull Down,Machine
2745,Swiss Ball Leg Curl,Machine
775,Diagonal Supinated Lat Pulldown,Machine
1353,Kelso Shrug (cable),Machine
503,Cable Tricep Pushdown (12-15),Machine
1922,Preacher Curl Machine,Machine
1556,Low-To-High Cable Fly,Machine
1156,High Feet Leg Press,Machine
504,Cable Triceps Kickback,Machine
1548,Low Chest Fly (Cable),Machine
1253,Incline Cable Press,Machine
366,Bicep Curl (TRX),Machine
1257,Incline Chest Press (Machine),Machine
1252,Incline Cable Flys,Machine
2573,Smith Unilateral Incline,Machine
1256,Incline Chest Fly Machine,Machine
2398,Single Arm Chest Press (Machine),Machine
1992,RDL (Smith Machine),Machine
2959,Wide Assisted Push-Ups,Machine
1625,Machine Hip Thrust,Machine
1399,Kneeling Single-Arm Diagonal Pulldown,Machine
2961,Wide Grip Cable Curls,Machine
1250,Incline Cable Curl,Machine
171,Armpulldown,Machine
1635,Mag Grip Lat Pulldown,Machine
2547,Sled Trekken Naar Achter Explosief,Machine
2026,Rear Delt Fly (Cable),Machine
2261,Seated Cable Row,Machine
1780,Overhead Press (Machine),Machine
1089,Hammer Machine Low Row,Machine
2558,"Smith Machine Assisted SLDL (12,10,8,6,4)",Machine
2971,Wide Grip Seated Row (Cable),Machine
1469,Lateral Raise (Cable),Machine
1212,Hip Thrust Machine,Machine
583,Chest Supported Machine Row Stack Loaded,Machine
1744,One Arm Overhead Extension (Cable),Machine
1591,Lying Leg Curl,Machine
2894,V-Bar Pulldown,Machine
2354,Shoulder Press Smith Machine,Machine
470,Cable Flexion Row,Machine
2536,Sled Drag,Machine
2644,Standing Cross Body Cable Lateral Raise,Machine
2973,Wide MAG Pulldowns,Machine
2892,V-Bar Lat Pulldown,Machine
373,Bicep Down Machine,Machine
2490,Single arm tricep extension,Machine
1606,MAG Narrow Supine Cable Row,Machine
51,1-Arm 45 Degrees Cable Rear Delt Flye,Machine
593,Chest Supported Row (Smith Machine),Machine
463,Cable Chest Press,Machine
2073,Reverse Curl Cable,Machine
599,Chest Supported T-Bar Row,Machine
1428,Lat Pulldown,Machine
2269,Seated Dip (Machine),Machine
929,Flat Assisted Bench Press,Machine
1438,Lat Pulldown Machine,Machine
2312,Seated Row (Cable),Machine
2250,Seated Abductor Machine (15-20),Machine
3049,machine preacher curl,Machine
2366,Shrug Smith,Machine
478,Cable Lateral Raise (Lengthened-Mid Position),Machine
2537,Sled Drag Sideways,Machine
2259,Seated Cable Crunch,Machine
2960,Wide Grip Assisted Pull Up,Machine
1717,Neutral-Grip Pulldowns,Machine
1420,Lat Machine,Machine
1444,Lat-Focused Cable Row,Machine
260,Banded Tricep Pushdown,Machine
510,Cable Woodchoppers,Machine
2707,Straight-Arm Pushdown,Machine
2113,Reverse Pec Deck,Machine
792,Donkey Machine Calf Raise,Machine
1035,Glute Drive (Machine),Machine
2456,Single Leg Extension,Machine
2571,Smith Row,Machine
487,Cable Pushdown,Machine
1681,Monastery Tricep Extension,Machine
2425,Single Arm Pushdown (Cable),Machine
557,Chest Fly (Cable),Machine
502,Cable Tricep Push Away,Machine
2605,Split Squat (Smith Machine),Machine
1102,Hamstring Curl (TRX),Machine
1276,Incline Fly (Cable),Machine
1088,Hammer Curls - Cable And Rope,Machine
116,Ab Machine,Machine
807,Dual Cable Seated Bicep Curl,Machine
528,Calf Raise (Leg Press),Machine
2565,Smith Machine Row,Machine
482,Cable Overhead Extension,Machine
2262,Seated Cable Row (One Arm),Machine
2893,V-Bar Lat Pulldowns,Machine
496,Cable Shrugs,Machine
1623,Machine Crunch,Machine
491,Cable Reverse Flye,Machine
2649,Standing Leg Curl,Machine
2740,Supinated Chest Supported Row (Machine),Machine
2729,Sumo Squat Belt Squat,Machine
1537,Long Rope Tricep Extension,Machine
2006,RP Machine Curls,Machine
529,Calf Raise (Machine),Machine
1595,Lying Pullover (Cable),Machine
2374,Side Crunch (Cable),Machine
633,Close Grip Incline Bench Press (Smith Machine),Machine
2545,Sled Push/Pull,Machine
1689,Narrow Grip Pulldowns,Machine
2264,Seated Calf Raise (Machine),Machine
472,Cable Forearm Shit,Machine
1629,Machine Low Row,Machine
29,(LEGS) 45 Degree Leg Press,Machine
508,Cable Wood Choppers,Machine
475,Cable Incline Fly,Machine
2099,Reverse Hack Squat,Machine
2992,Wrist Cable Supination,Machine
11,(BACK) Rope Cable Pullover,Machine
671,Cross Body SA Pulldown,Machine
499,Cable Stretch Drag Curls,Machine
2555,Smith Good Morning,Machine
483,Cable Paused Shrug-In,Machine
1507,Leg Press,Machine
148,Alternating Cable Curls,Machine
334,Bench Press (Smith Machine),Machine
1072,Hack Squat Inverted,Machine
1421,Lat Machine Pull Down - Close Grip,Machine
2655,"Standing Overhead Press (Smith Machine, Push Press)",Machine
1299,Incline Tricep Extention (Cable),Machine
2295,Seated Leg Curl Eccentrics,Machine
2173,Romanian Deadlift (Smith Machine),Machine
356,Bent Over Row (Smith Machine),Machine
1432,Lat Pulldown (Kneeling),Machine
560,Chest Fly Press (Machine),Machine
2119,Reverse Sled Pull,Machine
509,Cable Woodchopper,Machine
2870,Unilateral Leg Extension,Machine
1429,Lat Pulldown (2-Grip),Machine
2889,Upright Row (Cable),Machine
2643,Standing Close Cable Press,Machine
2435,Single Arm Tricep Extension (Cable),Machine
1502,Leg Extension (Single Leg),Machine
498,Cable Step Up,Machine
1172,High To Low Cable Flyes,Machine
2541,Sled Pull/Push,Machine
28,(LATS) Leverage Pulldown,Machine
639,Close Grip Underhand Lat Pulldown (chin Pulldown),Machine
649,Concentrated Tricep Cable Overhead,Machine
2438,Single Cable Lateral Shoulder Push/Raise (Lift Via Elbow),Machine
565,Chest Press (Machine),Machine
420,Bottom-ROM Paused Squats (Smith),Machine
1924,Preacher Curls (Machine),Machine
1554,Low To High Incline Cable Fly,Machine
2574,Smith Unilateral Machine,Machine
897,Eugene Forearm Extensions (Cable),Machine
1794,Overhead Tricep Extension (Kettlebell),Machine
1740,"One Arm Cable Lateral Raise, Lean In, Cable Behind Back",Machine
506,Cable Unilateral Tricep Pushdowns,Machine
2005,RP Lying Leg Curl (Prime),Machine
2773,Tempo Seated Leg Curl 3 IN 2 HOLD 3 OUT,Machine
1933,Prime Leg Extension,Machine
1791,Overhead Tricep Extension (Cable),Machine
2861,Underhand Lat Pulldown,Machine
500,Cable Tib Raises,Machine
1546,Low Cable Fly,Machine
179,Assisted Mountain Climbers,Machine
1298,Incline Tricep Extension (Dumbbell),Machine
678,Crossed Overhead Triceps Extension (Cable),Machine
6,(BACK) Cable Pullover,Machine
2799,Top To Bottom Cable Flyes,Machine
2424,Single Arm Pushdown,Machine
480,Cable Oblique Twist,Machine
1495,Leg Curl Machine (Not Lying),Machine
523,Calf Press (Leg Press Machine),Machine
246,Banded Hack Squat,Machine
2871,Unilateral Low Cable Fly,Machine
1442,Lat Pullover Machine,Machine
524,Calf Press On Hack Squat,Machine
2287,Seated Hamstring Curl (Machine),Machine
2993,Wrist Curl (Cable),Machine
111,AD Press (Smith Machine),Machine
2474,Single Leg Resistance Band Leg Extension,Machine
489,Cable Rear Delt Flys (POSTERIOR DELT; Mid/Lengthened Position),Machine
903,External Rotations (Cable),Machine
2528,Skull Crusher (Smith),Machine
1999,RP HS Underhand Pulldowns,Machine
638,Close Grip Underhand Lat Pulldown,Machine
904,Ez Bar Cable Curl,Machine
811,Dual-Rope Pushdowns,Machine
1667,Medium MAG Pulldowns,Machine
1741,One Arm Lateral Raise (Cable),Machine
533,Calf Raise Smith Machine,Machine
2426,Single Arm Rear Delt Cable Fly,Machine
1137,Heel Elevated Leg Press,Machine
2826,Tricep Extension Pulldowns Band,Machine
2403,Single Arm High Row (Cable),Machine
1209,Hip Thrust (Smith Machine),Machine
735,Decline Cable Fly,Machine
459,Cable Abductor (Outside) Riase (Cable),Machine
1763,Overhead Cable Bicep Curl,Machine
532,Calf Raise Machine,Machine
2542,Sled Push,Machine
2067,Reverse Bicep Curl (cable)!,Machine
2845,Triceps Kickback (cable),Machine
1070,Hack Squat (Smith Machine),Machine
495,Cable Rotational Twists,Machine
2795,Toe Press Leg Press,Machine
1547,Low Cable Incline Chest Fly,Machine
1422,Lat Prayer,Machine
2693,Straight Arm Pulldown,Machine
1488,Lean-Back Lat Pulldown,Machine
2640,Standing Cable Row,Machine
2651,Standing Low Cable Chest Press,Machine
1031,Glute Bridge Smith,Machine
688,Cuff Lateral Raise (Cable),Machine
2920,Wall Assisted Handstand Pushup,Machine
1028,Glute Bridge (Machine),Machine
484,Cable Preacher Curls,Machine
205,Band Assisted Lunge Jumps,Machine
1739,One Arm Cable Curl,Machine
1618,Machine Bench Press,Machine
2127,Reverse-Grip Pulldowns,Machine
669,Cross Body Lat Pulldown (Single Arm),Machine
1802,Palms Facing Up - D Handle Tricep Pushdown,Machine
1423,Lat Prayer (Straight-Bar),Machine
1441,Lat Pullover Cable,Machine
1496,Leg Curl with Band,Machine
2294,Seated Leg Curl (Cable),Machine
485,Cable Pronations,Machine
2461,Single Leg Hip Thrust (Smith Machine),Machine
2293,Seated Leg Curl,Machine
367,Bicep Curl Cable Seated,Machine
626,Close Grip Bench Press (Smith Machine),Machine
320,Belt Squat,Machine
2297,Seated Leg Extension (Machine),Machine
1434,Lat Pulldown (Med - Neutral Grip),Machine
2288,Seated High Cable Row (Upper Back & Traps),Machine
2021,Rear Delt 45 Degrees Cable Flye,Machine
781,Dip (Assisted),Machine
574,Chest Supported Cable Row,Machine
1617,Machine Bench,Machine
2557,Smith Machine Anterior Delt Press,Machine
3037,abductor chair,Machine
2550,Slider Leg Curl,Machine
2177,Rope Cable Pullovers,Machine
2260,Seated Cable Overhead Bicep Curl,Machine
41,(SHOULDERS) Seated Smith Machine Shoulder Press,Machine
2560,Smith Machine Calf Raise,Machine
1176,High-to-low Cable Chest Flies,Machine
1389,Kneeling Lat Pulldown,Machine
1602,Lying Tricep Extension (Barbell),Machine
439,Bulgarian Split Squat (Smith Machine),Machine
2069,Reverse Cable Fly,Machine
2129,Rhomboid Pulldown,Machine
460,Cable Adductor (Inside) Raise (Cable),Machine
2007,RP Machine Dips,Machine
2688,Straight Arm Cable Pulldown,Machine
2757,TRX High Feet Pushup,Machine
2417,Single Arm Pec Deck,Machine
2095,Reverse Grip Pushdown,Machine
1580,Lying Cable Tricep Extension,Machine
1690,Narrow Neutral Pulldown,Machine
2762,TRX T,Machine
1961,Pulley,Machine
1036,Glute Drive/Hip Thrust Machine,Machine
1593,Lying Overhead Tricep Extension (barbell),Machine
465,Cable Cross Tricep Pushdown,Machine
511,Cable Wrist Curl,Machine
157,Alternating Sled Drag For Time,Machine
466,Cable Cross-Body Lat Pull-Arounds,Machine
1058,Good morning (Smith),Machine
521,Calf Extension Machine,Machine
1474,Lateral Raise Machine Standing,Machine
2569,Smith Machine Upright Rows,Machine
1789,Overhead Tricep Extension,Machine
2899,V-squat,Machine
1611,MTS Low Row Machine,Machine
2361,Shrug (Cable),Machine
134,Abs Crunch In High Cable,Machine
1553,Low To High Cable Fly,Machine
2022,Rear Delt Cable,Machine
1508,Leg Press (45 Degrees),Machine
263,Bar Assisted Pogo Hops,Machine
434,Bulgarian Smith Squat,Machine
132,Abs Crunch (Machine),Machine
2822,Tricep Extension (Cable),Machine
1620,Machine Chest Press (Flat),Machine
315,Behind-The-Neck Press (Smith Machine),Machine
1174,High-Low Cable Press,Machine
653,Converging Machine Press (Anterior Delt),Machine
2543,Sled Push And Pull,Machine
851,Dumbell NEWS Leg Extension,Machine
530,Calf Raise (Smith Machine),Machine
1042,Glute-Biased Leg Press,Machine
131,Abs Crunch (Cable),Machine
1578,Lying Cable Curl,Machine
1579,Lying Cable Row,Machine
2535,Sled,Machine
357,Bent Over Row (cable),Machine
1633,Machine Pull-down,Machine
2501,Single-arm Triceps Kickback (Cable),Machine
514,Cable Y Raise,Machine
481,Cable Overhead Curl,Machine
1056,Good Morning (Hack Machine),Machine
33,(LEGS) Leg Seated Leg Extension,Machine
1923,Preacher Curl(Machine),Machine
2567,Smith Machine Shrugs,Machine
1162,High Incline Smith Press,Machine
2838,Tricep Pushdown (Straight Bar),Machine
462,Cable Axe Chop,Machine
1083,Hammer Curl (Cable),Machine
2451,Single Leg Calf Raise Machine,Machine
1503,Leg Extension Single Leg,Machine
147,Alternating Cable Crossover (High To Low),Machine
2495,Single-Leg Leg Extension,Machine
492,Cable Romanian Deadlift,Machine
1497,Leg Extension,Machine
1153,High Cable Fly,Machine
2549,Sledgehammer,Machine
207,Band Assisted Squat Jumps,Machine
305,Behind The Back Lateral Raise (Cable),Machine
37,(SHOULDERS) Low Cable Crossover,Machine
2103,Reverse Leg Extension,Machine
257,Banded Smith Machine Glute Bridges,Machine
469,Cable Crunch,Machine
2687,Straigh bar - Cable pull down,Machine
227,Band Tricep Pushdown,Machine
2816,Tricep Cable Kickback,Machine
139,Adductor Dynamic Plank,Machine
206,Band Assisted Pogo Jumps,Machine
1624,Machine Flat Press,Machine
2078,Reverse Fly (Cable),Machine
2759,TRX Row,Machine
2530,Skull Crushers (Smith Machine),Machine
2085,Reverse Grip Bench Press (Smith Machine),Machine
2726,Sumo Leg Press,Machine
2897,V-Stance Leg Press,Machine
2548,Sled Walks,Machine
910,Face Away Cable Curl,Machine
2298,Seated Leg curl,Machine
1324,JM Press (Smith Machine),Machine
505,Cable Twists,Machine
683,Crunch Machine Weighted,Machine
1210,Hip Thrust (machine),Machine
473,Cable Hip Abduction,Machine
2068,Reverse Cable Curl,Machine
2028,Rear Delt Fly (Machine),Machine
2097,Reverse Grip Tricep Extension,Machine
606,Chin-Up (Assisted),Machine
1539,Long rope incline pushdown,Machine
2639,Standing Cable Hip Abduction,Machine
7,(BACK) Close Grip Cable Row,Machine
976,Forward Sled,Machine
2823,Tricep Extension (Dumbbell),Machine
477,Cable Kickback,Machine
519,Cable/Machine Fly (12-15),Machine
806,Dual Cable Lat Pull Down,Machine
1435,Lat Pulldown (Neutral Grip),Machine
497,Cable Standing Pullover,Machine
1879,Plate Loaded Machine Chestpress,Machine
2800,Torso Rotation (Machine),Machine
2860,Underhand Fly (Cable),Machine
515,Cable Y Raise (Rehab),Machine
673,Cross Body Tricep Extension,Machine
556,Chest Dips (Cable),Machine
726,Deadlift (Smith Machine),Machine
1509,Leg Press Calf,Machine
2480,Single Leg Smith Romanian Deadlift,Machine
1927,Preacher Machine,Machine
2825,Tricep Extension (Resistance Band),Machine
1806,Partial Deadlift (Smith Machine),Machine
2758,TRX High Row,Machine
1949,Pull Through (Cable),Machine
1610,MTS Front Pulldown,Machine
2363,Shrug (Machine),Machine
2566,Smith Machine Shoulder Press,Machine
517,Cable external rotation - elbow low,Machine
1504,Leg Extension with Band,Machine
2431,Single Arm Row (Cable),Machine
1489,Lean-Back Seated Hip Abduction (Machine),Machine
2324,Seated Tricep Pushdown,Machine
467,Cable Crossed Tricep Extension,Machine
1183,Hip Adductor (Machine),Machine
1431,Lat Pulldown (Close Grip),Machine
2100,Reverse Hack Squats,Machine
488,Cable Rear Delt Fly,Machine
486,Cable Pull-Through,Machine
365,Bicep Curl (Machine),Machine
1152,High Bar Squat (Smith Machine),Machine
2123,Reverse Wrist Curl (Cable),Machine
1630,Machine Preacher Curl,Machine
321,Belt Squat Stiff Leg Deadlifts,Machine
2750,T-Bar Row (Chest Supported),Machine
1918,Preacher Curl (Machine),Machine
629,Close Grip Chest Press (TRX),Machine
569,Chest Press Cable,Machine
2556,Smith Hack Squat,Machine
1622,Machine Chest Press (Neutral Grip),Machine
1154,High Cable Lateral Raise,Machine
1852,Pistol Squat (Assisted),Machine
2412,Single Arm Lateral Cable Shoulder Raise,Machine
1002,Front Raise (Cable),Machine
2301,Seated Military Press (smith Machine),Machine
1716,Neutral Grip Seated Cable Row,Machine
592,Chest Supported Row (Machine),Machine
2064,Reverse Bicep Curl (Cable),Machine
2568,Smith Machine Static Lunge W/ Elevated Front Foot,Machine
2969,Wide Grip Pulldown (Plateloaded Machine),Machine
698,"Custom Circuit - (Lat Raise, Bicep Curl, Upright Row, Calf Raise, Tricep Extension, Hammer Curls) 12 Reps Each Then Break)",Machine
1499,Leg Extension (Cable),Machine
2539,Sled Press Calf Raises,Machine
2667,Standng Calf Raise (Machine),Machine
1626,Machine Lat Pulldown,Machine
980,Freemotion Cable Curl,Machine
270,Barbell Hack Squat,Machine
2962,Wide Grip Cable Row,Machine
1303,Incline cable flies,Machine
1628,Machine Leg Press,Machine
1510,Leg Press Calf Raises,Machine
1952,Pull-Up (Assisted),Machine
1096,Hammer Squat Lunge Machine (RDL),Machine
1915,Preacher Curl (Cable),Machine
2300,Seated Military Press (Smith Machine),Machine
2562,Smith Machine Overhead Press,Machine
2572,Smith Shrug,Machine
493,Cable Rope Seated Crunches,Machine
2563,Smith Machine Reverse Lunge,Machine
1068,Hack Squat (Knee Dominant),Machine
490,Cable Reverse Curl,Machine
22,(CHEST) Incline Cable Fly,Machine
1545,Low Cable Crossover,Machine
2538,Sled Drive,Machine
1249,Incline Cable Chest Press,Machine
1071,Hack Squat Calf Raise,Machine
338,Bench Press - Cable,Machine
1439,Lat Pulldown Netural TMJ,Machine
317,Behind-the-Neck Lat Pulldown,Machine
2086,Reverse Grip Cable Tricep Extension,Machine
2564,Smith Machine Reverse Lunges,Machine
746,Decline Machine Chest Press,Machine
372,Bicep Curls (Cable),Machine
754,Decline overhead Cable Fly (lower),Machine
1822,Pec Deck (Machine),Machine
2697,Straight Bar Cable Extensions,Machine
1621,Machine Chest Press (Incline),Machine
1960,Pulldown (Vbar),Machine
512,Cable Wrist Curls (12-15),Machine
2896,V-Handle Tricep Pushdown (Cable),Machine
2437,Single Cable Front Raise,Machine
809,Dual Handle Lat Pulldown,Machine
1097,Hammer Squat Lunge Machine (bulgarian Squats),Machine
1436,Lat Pulldown (Single Arm),Machine
650,Concentration Cable Curl,Machine
2161,Rolling Tricep Extension (Dumbbell),Machine
2561,Smith Machine Hack Squat,Machine
2839,Tricep Pushdown Rope,Machine
2205,SL Leg Extensions,Machine
45,(TRICEPS) Seated EZ Bar Overhead Tricep Extension,Machine
1069,Hack Squat (Machine),Machine
2296,Seated Leg Curls,Machine
464,Cable Cross Body Lateral Raise,Machine
2118,Reverse Sled Drag,Machine
1782,Overhead Press (Smith Machine),Machine
479,Cable Low Row,Machine
2476,Single Leg Romanian Deadlift (Cable),Machine
1710,Neutral Geip Seated Cable Row,Machine
311,Behind-The-Back Cable Lateral Raise,Machine
2011,RP Ricky Pulldown,Machine
2313,Seated Row (Machine),Machine
135,Abs Machine,Machine
1184,Hip Adductor Dropset,Machine
591,Chest Supported Row (Machine Or Freeweight),Machine
2638,Standing Cable Abductors,Machine
2023,Rear Delt Cable Fly,Machine
682,Crunch Machine,Machine
1559,Lower Abs With Propel Machine,Machine
2876,Unilateral Smith Machine (close Grip),Machine
1430,Lat Pulldown (Band),Machine
2840,Tricep Rope Push Down (Cable),Machine
2278,Seated Flyes (Cables),Machine
2364,Shrug (Smith Machine),Machine
3040,cable press around,Machine
2617,Squat (Smith Machine),Machine
2489,Single arm Cable High Curl,Machine
2546,Sled Row,Machine
2478,Single Leg Seated Calf Raise (Machine),Machine
559,Chest Fly (Machine),Machine
1500,Leg Extension (Dumbbell),Machine
2760,TRX Single Leg Squats,Machine
2606,Split Squat Front Foot Elevated (Smith Machine),Machine
1171,High To Low Cable Fly,Machine
501,Cable Tricep Kickback,Machine
476,Cable Incline Wrist Curls,Machine
1288,Incline Pushdown (Cable),Machine
301,Behind Back Bicep Cable Curl,Machine
2137,Ring Ham Curl (Basically Hip Thrust + Leg Curl),Machine
1747,One Arm Pulldown,Machine
1301,Incline Tricep Pushdown,Machine
358,Bent-Over Row (Smith Machine),Machine
2940,Weighted GHD Machine,Machine
531,Calf Raise - Leg Press Machine,Machine
2540,Sled Pull,Machine
2868,Unilateral Hip Adductor,Machine
1603,Lying Tricep Extension (Dumbbell),Machine
1067,Hack Squat,Machine
736,Decline Cable Press,Machine
2751,T-Bar Rows,Machine
2428,Single Arm Rear Delt Fly (Cable),Machine
196,Backwards Sled Pull,Machine
1433,Lat Pulldown (Machine),Machine
2396,Single Arm Biceps Curls (cable),Machine
2404,Single Arm High Row (Machine),Machine
16,(CALVES) Seated Calf Machine,Machine
1946,Pull Apart (Cable),Machine
1764,Overhead Cable Rope Extention,Machine
1634,Machine Wide Rows,Machine
2087,Reverse Grip Cable Triceps Extension,Machine
1390,Kneeling Leg Curl,Machine
2471,Single Leg Press,Machine
1631,Machine Press,Machine
2708,Straight-Bar Overhead Triceps Extension (Cable),Machine
2966,Wide Grip Lat Pulldown,Machine
595,Chest Supported Row (T-Bar),Machine
1476,Lateral Raise Seated,Dumbbell
577,Chest Supported Dumbbell Lateral Raise,Dumbbell
149,Alternating Dumbbell Curl,Dumbbell
2423,Single Arm Push Press (Dumbbell),Dumbbell
723,Deadlift (Dumbbell),Dumbbell
755,Deep Goblet Squat Holds w/ Pulse,Dumbbell
363,Bicep Curl (Dumbbell),Dumbbell
1272,Incline Dumbbell Row,Dumbbell
1472,Lateral Raise (Seated),Dumbbell
1365,Kettlebell Halo,Dumbbell
826,Dumbbell Incline Bench Row,Dumbbell
2724,Sumo Deadlift (Dumbbell),Dumbbell
846,Dumbbell Upper Back Row,Dumbbell
2346,Shoulder Complex (Dumbbell),Dumbbell
2001,RP Hammer Strength Lateral Raise - Single Arm,Dumbbell
1279,Incline Hammer Curl,Dumbbell
1323,JM Press (Dumbbell),Dumbbell
1360,Kettlebell Clean & Press,Dumbbell
1742,One Arm Lateral Raise (Dumbbell),Dumbbell
687,Cuban Press (Dumbbell),Dumbbell
841,Dumbbell Swings,Dumbbell
815,Dumbbell Bench-Braced Wrist Extension,Dumbbell
824,Dumbbell Hip thrust,Dumbbell
1963,Pullover (Dumbbell),Dumbbell
2491,Single dumbbell overhead press,Dumbbell
2272,Seated Dumbbell Curl,Dumbbell
834,Dumbbell Shoulder Press,Dumbbell
355,Bent Over Row (Kettlebell),Dumbbell
1475,Lateral Raise Multi Flight,Dumbbell
2518,Skiers (Dumbbell),Dumbbell
576,Chest Supported DB Lateral Raise,Dumbbell
828,Dumbbell Press Or Weighted Pushups (Swap This Out For Either),Dumbbell
578,Chest Supported Dumbbell Lateral Raises,Dumbbell
1169,High Shoulder Rotation (Dumbbell),Dumbbell
2457,Single Leg Front To Lateral Raise,Dumbbell
1047,Goblet Lunge Squat Lunge Combo,Dumbbell
1767,Overhead Dumbbell Carries,Dumbbell
1086,Hammer Curl Dumbbell,Dumbbell
2306,Seated Overhead Press (Dumbbell),Dumbbell
1359,Kettlebell Clean,Dumbbell
1810,Partial Lateral Raise (Dumbbell),Dumbbell
2096,Reverse Grip Rotational Floor/Bench Press (Dumbbell),Dumbbell
1849,Pinwheel Curl (Dumbbell),Dumbbell
24,(Dumbbell) Calf Raise (Single Leg),Dumbbell
2181,Rope Hammer Curl,Dumbbell
949,Floor Chest Fly (Dumbbell),Dumbbell
845,Dumbbell Underhand Chest Fly,Dumbbell
847,Dumbbell Walking Lunges,Dumbbell
2204,Russian Twist (Dumbbell),Dumbbell
1270,Incline Dumbbell Front Raise,Dumbbell
214,Band Lateral Raise,Dumbbell
1596,Lying Rear Lateral Raise,Dumbbell
1571,Lunge (Dumbbell),Dumbbell
1373,Kettlebell Towel Curl,Dumbbell
1487,Lean In Lateral Raise (Dumbbell),Dumbbell
1233,Incline Bench Lateral Raise,Dumbbell
1087,Hammer Curl Dumbell,Dumbbell
952,Floor Press (Dumbbell),Dumbbell
1271,"Incline Dumbbell Press (12,10,8,6,4)",Dumbbell
1583,Lying Crucifix Lateral Raise,Dumbbell
2874,Unilateral Preacher Curl (Dumbbell) Normal,Dumbbell
1006,Front Squat (Box With Dumbbell/Kettlebell),Dumbbell
706,DB Lateral Raise,Dumbbell
1238,Incline Bench Press (Dumbbell),Dumbbell
1280,Incline Hammer Curl (Dumbbell),Dumbbell
2604,Split Squat (Dumbbell),Dumbbell
2488,Single Single Double Incline Dumbbell Chest Press,Dumbbell
813,Dumbbell Bench Pullover,Dumbbell
21,(CHEST) Flat Dumbbell Bench Press,Dumbbell
2429,Single Arm Rear Delt Fly (Dumbbell),Dumbbell
2394,Single Arm Bench Press (Dumbell/Kettlebell),Dumbbell
2274,Seated Dumbbell Lateral Raise,Dumbbell
586,Chest Supported Reverse Fly (Dumbbell),Dumbbell
812,Dumbbell Alternating Bench Press,Dumbbell
2578,Snatch (Kettlebell),Dumbbell
2362,Shrug (Dumbbell),Dumbbell
331,Bench Press (Dumbbell),Dumbbell
1346,KETTLEBELL PULL THROUGH,Dumbbell
313,Behind-The-Back Lateral Raise,Dumbbell
2323,Seated Tricep Press (Dumbbell),Dumbbell
1084,Hammer Curl (Dumbbell),Dumbbell
1321,Isometric Row Hold (Dumbbell),Dumbbell
3048,kettlebell biceps,Dumbbell
2551,Slight Incline Bench (Dumbbell),Dumbbell
151,Alternating Incline Dumbbell Chest Press (Bottom Hold),Dumbbell
186,B-Stance Romanian Deadlift (Dumbbell),Dumbbell
1263,Incline Curl (Dumbbell),Dumbbell
1468,Lateral Raise (Band),Dumbbell
1467,Lateral Raise (12-15),Dumbbell
686,Cuban Press,Dumbbell
2065,Reverse Bicep Curl (Dumbbell),Dumbbell
348,Bent Over Lateral Raise (Dumbbell),Dumbbell
1564,Lu Lateral Raises,Dumbbell
1357,Kettlebell Bicep Curl,Dumbbell
1572,Lunge (Kettlebell),Dumbbell
102,90° Hammer Curl,Dumbbell
820,Dumbbell Gorilla Row,Dumbbell
2997,Wrist Curls (Dumbbell),Dumbbell
1995,REVERSE GRIP DUMBBELL BENCHPRESS,Dumbbell
829,Dumbbell Push Press,Dumbbell
1207,Hip Thrust (Dumbbell),Dumbbell
733,Decline Bench Press (Dumbbell),Dumbbell
1027,Glute Bridge (Dumbbell),Dumbbell
623,Close Chest Dumbbell Press,Dumbbell
39,(SHOULDERS) Seated Dumbbell Shoulder Press,Dumbbell
823,Dumbbell High Pull,Dumbbell
340,Bench Press Pause (Dumbbell),Dumbbell
1372,Kettlebell Toe Raise,Dumbbell
2126,Reverse-Grip Dumbbell Press,Dumbbell
2661,Standing Shoulder Press (Dumbbell),Dumbbell
2037,Rear Foot Elevated Straight Leg Deadlift (Dumbbell),Dumbbell
2408,Single Arm Kettlebell Swing,Dumbbell
2732,Super ROM Lateral Raise,Dumbbell
833,Dumbbell Scull Crusher,Dumbbell
1807,Partial Incline Press (Dumbbell),Dumbbell
1375,Kettlebell Windmill,Dumbbell
2400,Single Arm Dumbbell Press,Dumbbell
2348,Shoulder Halo,Dumbbell
838,Dumbbell Step Up,Dumbbell
561,Chest Fly press (DB),Dumbbell
837,Dumbbell Squat And Press,Dumbbell
2280,Seated French Press (Dumbbell),Dumbbell
1064,Guillotine Press (DB),Dumbbell
2614,Squat (Dumbbell),Dumbbell
1268,Incline Dumbbell Curl Reverse 21s,Dumbbell
1239,Incline Bench Press (Dumbbell) (Paused),Dumbbell
1897,Poliquin lateral raise,Dumbbell
2271,Seated Dumbbell Calf Raise,Dumbbell
789,Donkey Kick (Dumbbell),Dumbbell
3009,Y Raise (Dumbbell),Dumbbell
584,Chest Supported Rear Delt Fly (Dumbbell),Dumbbell
1364,Kettlebell Gorilla Row,Dumbbell
2852,Turkish Get Up,Dumbbell
312,Behind-The-Back Dumbbell Wrist Curl,Dumbbell
950,Floor Paused Dumbbell Fly,Dumbbell
645,Coffin Press Dumbbell,Dumbbell
843,Dumbbell Tibialis Foot Raise,Dumbbell
12,(BACK) Single Arm Supported Dumbbell Row,Dumbbell
1868,Plank With Dumbbell Row,Dumbbell
1366,Kettlebell Power Row,Dumbbell
2392,Single Arm Arnold Press,Dumbbell
1367,Kettlebell Press,Dumbbell
831,Dumbbell Renegade Row,Dumbbell
2172,Romanian Deadlift (Dumbbell),Dumbbell
827,Dumbbell Lying Facedown Swim And Row,Dumbbell
2000,RP Hammer Curls,Dumbbell
2890,Upright Row (Dumbbell),Dumbbell
818,Dumbbell Crush Press,Dumbbell
1052,Goblet Squat Jump,Dumbbell
2831,Tricep Overhead Extension (Dumbbell),Dumbbell
2124,Reverse Wrist Curl (Dumbbell),Dumbbell
354,Bent Over Row (Dumbbell),Dumbbell
2318,Seated Side Lateral Raise,Dumbbell
2291,Seated Lateral Raise,Dumbbell
1563,Lu Lateral Raise,Dumbbell
844,Dumbbell Tripod Row,Dumbbell
2317,Seated Shoulder Press (Dumbbell),Dumbbell
1134,Heavy Lateral Raise,Dumbbell
590,Chest Supported Row (Dumbbell),Dumbbell
814,Dumbbell Bench-Braced Wrist Curl,Dumbbell
558,Chest Fly (Dumbbell),Dumbbell
1269,Incline Dumbbell Curls,Dumbbell
1255,Incline Chest Fly (Dumbbell),Dumbbell
2039,Renegade Row,Dumbbell
1046,Goblet Duck Walk,Dumbbell
2106,Reverse Lunge (Dumbbell),Dumbbell
1302,Incline Y Lateral Raise,Dumbbell
1285,Incline Lateral Raise,Dumbbell
830,Dumbbell RDL,Dumbbell
2289,Seated Incline Hammer Curl,Dumbbell
579,Chest Supported Dumbells Lateral Raise,Dumbbell
1082,Hammer Curl,Dumbbell
2873,Unilateral Preacher Curl (Dumbbell) Hammer,Dumbbell
554,Cheat Lateral Raise,Dumbbell
1926,Preacher Hammer Curl,Dumbbell
564,Chest Press (Dumbbell),Dumbbell
985,Frog Squat (Dumbbell),Dumbbell
1370,Kettlebell Swing,Dumbbell
3022,Z-Press (Dumbbell),Dumbbell
840,Dumbbell Swing,Dumbbell
1823,Pec Fly (Dumbbell),Dumbbell
2273,Seated Dumbbell Hammer Curls,Dumbbell
1550,Low Incline Press (Dumbbell),Dumbbell
1034,Glute Bulgarian Split Squat (Dumbbell),Dumbbell
763,Deficit Goblet Squats,Dumbbell
1277,Incline Fly Press (Dumbbell),Dumbbell
2523,Skull Crusher (Dumbbell),Dumbbell
1048,Goblet March,Dumbbell
2419,Single Arm Preacher Curl (Dumbbell),Dumbbell
174,Arnold Press,Dumbbell
1745,One Arm Overhead Press (Dumbbell),Dumbbell
1549,Low Incline Flye (Dumbbell),Dumbbell
32,(LEGS) Heel Elevated Goblet Squat,Dumbbell
848,Dumbbell seated Row,Dumbbell
816,Dumbbell Calf Jumps,Dumbbell
1972,Push Press (Dumbbell),Dumbbell
835,Dumbbell Skull-Over,Dumbbell
1916,Preacher Curl (Dumbbell),Dumbbell
568,Chest Press (dumbbell),Dumbbell
743,Decline Flye - Dumbbell,Dumbbell
2912,Walking Lunge (Dumbbell),Dumbbell
1490,Leaning In Lateral Raise,Dumbbell
581,Chest Supported Lateral Raise,Dumbbell
1007,Front Squat (Dumbbell),Dumbbell
2936,Weighted Ankle Stretch (Goblet Hold),Dumbbell
1473,Lateral Raise Eccentrics,Dumbbell
2054,Rest Pause - Lateral Raise (Placeholder),Dumbbell
667,Cross Body Hammer Curl,Dumbbell
1470,Lateral Raise (Dumbbell),Dumbbell
2464,Single Leg Kettlebell Raise,Dumbbell
1045,Goblet Box Squat,Dumbbell
2577,Snatch (Dumbbell),Dumbbell
696,Curtsy Lunge (Dumbbell),Dumbbell
825,Dumbbell Hyperextension,Dumbbell
1808,Partial Lateral Raise,Dumbbell
817,Dumbbell Chest Press/Floor Press,Dumbbell
935,Flat Dumbbell Press,Dumbbell
2685,Stiff RDL (Dumbbell),Dumbbell
1050,Goblet Rebound Lateral Lunge,Dumbbell
836,Dumbbell Spanish Squat,Dumbbell
2075,Reverse Dumbbell Fly,Dumbbell
882,Elevated Dumbbell Reverse Lunge,Dumbbell
2371,Side Bend (Dumbbell),Dumbbell
2454,Single Leg Deadlift (Dumbbell),Dumbbell
2432,Single Arm Row (Dumbbell),Dumbbell
2275,Seated Dumbbell Press,Dumbbell
1768,Overhead Extension (Dumbbell),Dumbbell
839,Dumbbell Supinated Curl,Dumbbell
689,Cuffed Behind-The-Back Lateral Raise,Dumbbell
1598,Lying Side Lateral Raise,Dumbbell
1673,Military Dumbbell Press,Dumbbell
1712,Neutral Grip Dumbbell Bench Press,Dumbbell
2731,Super ROM Lateral Dumbbell Raise,Dumbbell
1281,Incline Hammer Curls,Dumbbell
795,Double Kettlebell Press,Dumbbell
1287,Incline Pullover (Dumbbell),Dumbbell
236,Banded Chest Dumbbell Fly,Dumbbell
438,Bulgarian Split Squat (Dumbbell),Dumbbell
959,Fly Press (Dumbbell),Dumbbell
1779,Overhead Press (Dumbbell),Dumbbell
1363,Kettlebell Front Squat,Dumbbell
1267,Incline Dumbbell Curl (12-15),Dumbbell
1160,High Incline Dumbbell Press,Dumbbell
2681,Stiff Leg Deadlift (Dumbbell),Dumbbell
936,"Flat Dumbbell Press (12,10,8,6,4)",Dumbbell
2027,Rear Delt Fly (Dumbbell),Dumbbell
1368,Kettlebell Squat L/R,Dumbbell
1073,Half Kneeling Arnold Press (Dumbbell),Dumbbell
2645,Standing Dumbbell Wrist Extensions,Dumbbell
784,Dips,Bodyweight
2386,Side Plank With Reach Under,Bodyweight
1515,Leg Raise Floor,Bodyweight
1513,Leg Raise (Captain's Chair),Bodyweight
2267,Seated Dead Bugs,Bodyweight
93,90 Degree Crunch,Bodyweight
1721,Oblique 90 Degree Crunch,Bodyweight
975,Forward Jump,Bodyweight
1407,L-sit Pull Ups,Bodyweight
1837,Pike Push Up,Bodyweight
785,Dips Between Chairs,Bodyweight
2508,Sit Ups (Weighted),Bodyweight
1861,Plank Hip Dip,Bodyweight
1934,Prisoner Swiss Ball Crunch,Bodyweight
1875,Plank to Push Up,Bodyweight
90,"6.	Abs (Standing Band Crunches, Sit-Ups, Etc.)",Bodyweight
968,Forearm Flexor Crunch,Bodyweight
2856,Twisting Bench Crunches,Bodyweight
165,Archer Pull Up,Bodyweight
748,Decline Push Up,Bodyweight
954,Flutter Kick,Bodyweight
1688,Muscle Up (Weighted),Bodyweight
2383,Side Plank,Bodyweight
2847,Triceps Push-Up,Bodyweight
2953,Weighted Sit Up,Bodyweight
2898,V-Up,Bodyweight
1955,"Pull-Up (Neutral Grip, Bodyweight)",Bodyweight
2735,SuperWideGrip Pull-Ups (Weighted),Bodyweight
123,Ab Wheel Plank,Bodyweight
1592,Lying Leg Raise,Bodyweight
750,Decline Sit Up (Bodyweight),Bodyweight
2653,Standing Oblique Crunches,Bodyweight
2445,Single Leg Broad Jump Ea Leg,Bodyweight
2942,Weighted Hanging Leg Raise,Bodyweight
1713,Neutral Grip Pull Up,Bodyweight
2736,Superman,Bodyweight
2381,Side Lying Leg Raises,Bodyweight
863,Dynamic Plank Tap,Bodyweight
183,Australian Pull Up,Bodyweight
769,Deficit Ring Push Up,Bodyweight
380,Bicycle Crunches Raised Legs,Bodyweight
2469,Single Leg Linear Pogo Jumps 10 Yards,Bodyweight
1022,Ghd Sit Up,Bodyweight
1124,Hanging Leg Raise (Weighted),Bodyweight
926,Finger Push-Ups,Bodyweight
2948,Weighted Pause Pull Ups,Bodyweight
1406,L-Sit Pull Up,Bodyweight
164,Approach Box Jumps,Bodyweight
1951,Pull-Up,Bodyweight
2949,Weighted Pogo Jumps,Bodyweight
1862,Plank Pass Through,Bodyweight
2463,Single Leg Jumps,Bodyweight
782,Dip (Bodyweight),Bodyweight
2144,Ring Pull-Up,Bodyweight
1453,Lateral Jumps,Bodyweight
446,Burpee (No Push Up),Bodyweight
2850,Triple Broad Jump,Bodyweight
2950,Weighted Quarter Squat Jumps,Bodyweight
2043,Resistance Band Push-Ups,Bodyweight
405,Bodyweight Squat,Bodyweight
1450,Lateral Box Jump,Bodyweight
2677,Step-Up Box Jump,Bodyweight
2442,Single Leg Box Jump,Bodyweight
2105,Reverse Lunge (Bodyweight),Bodyweight
2522,Skull Crusher (Bodyweight),Bodyweight
2136,Ring Guillotine Push-up,Bodyweight
1638,Manmaker (Bodyweight),Bodyweight
1462,Lateral Pogo Jumps 10 Yards,Bodyweight
1978,Push Up Pyramid,Bodyweight
774,Depth Jump,Bodyweight
2141,Ring Pike Push Up,Bodyweight
783,Dip (Weighted),Bodyweight
430,Broad Jump,Bodyweight
2613,Squat (Bodyweight),Bodyweight
1708,Negative Chin Ups,Bodyweight
1691,Narrow Push Up,Bodyweight
2146,Ring Push Up,Bodyweight
2879,Up Down Plank,Bodyweight
1512,Leg Raise,Bodyweight
1026,Glute Bridge (Bodyweight),Bodyweight
2239,Scapular Pull-Up,Bodyweight
2921,Wall Press Dead Bug,Bodyweight
2968,Wide Grip Pull-Up (Weighted),Bodyweight
388,Bird Dog,Bodyweight
145,Alternate Leg Raises,Bodyweight
406,Bodyweight Sumo squat,Bodyweight
660,Cossack Squat (Bodyweight),Bodyweight
2819,Tricep Dips Assited,Bodyweight
2923,Wall Sit,Bodyweight
2922,Wall Push Up,Bodyweight
2628,Stability Ball Crunch,Bodyweight
1731,Obliques (Oblique Crunches Etc.),Bodyweight
1077,Half Kneeling Single Leg Box Jump,Bodyweight
711,Dead Bug (Resistance Band),Bodyweight
1865,Plank To Push Up,Bodyweight
2855,"Twisted ""T"" Planks",Bodyweight
2970,Wide Grip Rear Pull-Up,Bodyweight
154,Alternating Lunge Jumps,Bodyweight
1973,Push Up,Bodyweight
2737,Superman Alternating Sides,Bodyweight
2981,Wide-Grip Pull-Up (Weighted),Bodyweight
636,Close Grip Pull Up,Bodyweight
2143,Ring Pull Ups,Bodyweight
390,Bird Dog Isometric Hold,Bodyweight
1867,Plank Walkout,Bodyweight
2131,Ring Archer Pull Ups,Bodyweight
1108,Hand Pick-Up Push Up,Bodyweight
2485,Single Leg Triple Jump,Bodyweight
1980,Push-Up Variations (Incline Or Weighted),Bodyweight
1112,Hands on Hips Countermovement Jump,Bodyweight
764,Deficit Handstand Push Up,Bodyweight
2738,Superman Hold,Bodyweight
1950,Pull Ups Max,Bodyweight
1214,Hollow Body Holds,Bodyweight
1979,Push-Up To Resistance Band Row,Bodyweight
2241,Scapular Push Up,Bodyweight
403,Bodyweight Side Lying Clamshell,Bodyweight
749,Decline Ring push Up,Bodyweight
1990,Quarter Squat Jumps Rythmic,Bodyweight
1866,Plank To Push-up,Bodyweight
1342,Jumping Lunge,Bodyweight
322,Bench Dips,Bodyweight
786,Dive-Bomber Push Ups,Bodyweight
1873,Plank With Resistance Band Rows,Bodyweight
1341,Jumping Jack,Bodyweight
1448,Lateral Bear Crawl,Bodyweight
445,Burpee,Bodyweight
424,Box Jump,Bodyweight
1599,Lying Sit Up,Bodyweight
2134,Ring Dip (Weighted),Bodyweight
2924,Wall Sit Hold,Bodyweight
1860,Plank (Weighted),Bodyweight
1975,Push Up (Incline),Bodyweight
437,Bulgarian Split Squat (Bodyweight),Bodyweight
1037,Glute Ham Raise Sit Ups,Bodyweight
1876,Plank with Shoulder Taps,Bodyweight
1728,Oblique Sidecrunch,Bodyweight
2818,Tricep Dips,Bodyweight
1228,Inch Worm + Push Up,Bodyweight
710,Dead Bug,Bodyweight
777,Diamond Push-up,Bodyweight
2038,Rebound Box Jumps,Bodyweight
2387,Side Plank With Rotation,Bodyweight
2483,Single Leg Stair Jumps,Bodyweight
177,Ascending Skater Jumps 10 Yards,Bodyweight
2514,Skater Jumps,Bodyweight
1895,Pogo Jump,Bodyweight
1452,Lateral Jump,Bodyweight
1684,Mountain Climber,Bodyweight
1956,"Pull-Up (Neutral Grip, Weighted)",Bodyweight
1892,Plyometric Push Ups,Bodyweight
766,Deficit Push Up,Bodyweight
1954,Pull-Up (Bodyweight),Bodyweight
1114,Handstand Hold,Bodyweight
46,(TRICEPS) Weighted Bench Dip,Bodyweight
2946,Weighted Leg Raises,Bodyweight
2705,Straight Leg Sit Up,Bodyweight
345,Bent Leg Raise,Bodyweight
1660,Medicine Ball Close Grip Push Up,Bodyweight
448,Burpee-Pullups,Bodyweight
630,Close Grip Dips,Bodyweight
379,Bicycle Crunche,Bodyweight
864,Dynamic Side Plank,Bodyweight
2943,Weighted Hanging Leg Raises,Bodyweight
378,Bicycle Crunch,Bodyweight
402,Bodyweight Row,Bodyweight
1686,Multi Direction Plank Series,Bodyweight
2246,Scissor Kick,Bodyweight
1215,Hollow Body Pullups,Bodyweight
779,Diamond push up,Bodyweight
2462,Single Leg Hurdle Jump,Bodyweight
1535,Long Lever Ball Crunch,Bodyweight
410,Bosu Ball Push Ups,Bodyweight
1384,Knee To Feet Jumps,Bodyweight
539,Cannonball Crunch,Bodyweight
648,Compression Leg Raise,Bodyweight
1339,Jump Switch Lunge,Bodyweight
137,Active Plank,Bodyweight
2956,Weighted Wall Sits,Bodyweight
1864,Plank Rows,Bodyweight
156,Alternating Reach Forearm Plank,Bodyweight
655,Copenhagen Plank Dips,Bodyweight
654,Copenhagen Plank,Bodyweight
433,Bulgarian Dip,Bodyweight
741,Decline Deficit Pike Push-Ups,Bodyweight
642,Close-Grip Push-Ups,Bodyweight
684,Crunches,Bodyweight
401,Bodyweight RDL,Bodyweight
1558,Lower Ab Leg Raises,Bodyweight
1206,Hip Thrust (Bodyweight),Bodyweight
2954,Weighted Sit Ups,Bodyweight
381,Bicycle crunch,Bodyweight
2859,Type Writer Pull Up,Bodyweight
377,Bicycle,Bodyweight
391,Bird Dogs,Bodyweight
298,Bear Crawl,Bodyweight
1018,GHD Sit Up (Weighted),Bodyweight
1853,Pistol Squat To Box,Bodyweight
2178,Rope Crunches,Bodyweight
431,Broad Jumps,Bodyweight
2115,Reverse Plank,Bodyweight
2015,RTO Push Up,Bodyweight
2186,Rotating Plank,Bodyweight
2258,Seated Box Jumps,Bodyweight
2384,Side Plank Hip Drops,Bodyweight
2373,Side Crunch,Bodyweight
2662,Standing Side Crunch,Bodyweight
2164,Roman Chair Sit Up,Bodyweight
2902,Vertical Crunch,Bodyweight
1530,Linear Pogo Jumps 10 Yards,Bodyweight
600,Chest To Bar Pull-ups,Bodyweight
1687,Muscle Up,Bodyweight
2739,Superman Quad,Bodyweight
241,Banded Dips,Bodyweight
740,Decline Crunch (Weighted),Bodyweight
1869,Plank With Dumbell Drag,Bodyweight
409,Bosu Ball Crunch,Bodyweight
2935,Weighted Alternating Lunge Jump,Bodyweight
389,Bird Dog (Reps),Bodyweight
2443,Single Leg Box Jump (land 2),Bodyweight
2772,Tempo Push Up 3-0-1,Bodyweight
1454,Lateral Leg Raises,Bodyweight
2939,Weighted Deficit Push-up,Bodyweight
1871,Plank With Leg Lift,Bodyweight
1872,Plank With Leg Lifts,Bodyweight
739,Decline Crunch,Bodyweight
1863,Plank Pull Through,Bodyweight
1116,Handstand Pushups,Bodyweight
1709,Negative Pull Up,Bodyweight
374,Bicep Pull Up,Bodyweight
2507,Sit Up,Bodyweight
1977,Push Up (Weighted),Bodyweight
130,Abs Crunch (Bodyweight),Bodyweight
2061,Reverse Abs Crunch (Bodyweight),Bodyweight
1893,Plyometric Push-Up,Bodyweight
1115,Handstand Progression,Bodyweight
1383,Knee Raise Crunch Torso Down,Bodyweight
1723,Oblique Crunch,Bodyweight
607,Chin-Up (Bodyweight),Bodyweight
1023,Ghr Sit Up,Bodyweight
955,Flutter Kicks,Bodyweight
1123,Hanging Leg Raise,Bodyweight
1958,Pull-Up Negatives,Bodyweight
900,Explosive Pull Up,Bodyweight
166,Archer Push Up,Bodyweight
2385,Side Plank Rotations,Bodyweight
2734,Super-Wide Weighted Pull-Ups,Bodyweight
2160,Rolling Plank,Bodyweight
1803,Parallel Pull Up W Knee Tuck,Bodyweight
2455,Single Leg Double Broad Jump,Bodyweight
2163,Roman Chair Leg Raise,Bodyweight
751,Decline Sit Up (Weighted),Bodyweight
2245,Scissor Jumps,Bodyweight
1953,Pull-Up (Band),Bodyweight
408,Bodyweight Walking Lunges,Bodyweight
555,Chest Dips,Bodyweight
2388,Side Planks With Band Resistance,Bodyweight
1836,Pike Handstand Hold,Bodyweight
1714,Neutral Grip Pull Ups (as Many Sets As Needed),Bodyweight
712,Dead Bug Stretch,Bodyweight
423,Box Drop Broad Jump,Bodyweight
2650,Standing Leg Raise with Band,Bodyweight
1870,Plank With Feet On Bench,Bodyweight
1570,Lunge (Bodyweight),Bodyweight
2465,Single Leg Lateral Broad Jump Ea Leg,Bodyweight
2147,Ring Push Up (Weighted),Bodyweight
399,Bodyweight Feet Elevated Pike Push-up,Bodyweight
1976,Push Up (Knees),Bodyweight
1858,Plank,Bodyweight
447,Burpee Broad Jumps,Bodyweight
887,Elevated Push Ups,Bodyweight
400,Bodyweight Hip Thrust,Bodyweight
2835,Tricep Push Up,Bodyweight
1821,Paused Push Up,Bodyweight
407,Bodyweight Triceps Extension,Bodyweight
1336,Jump Rope,Bodyweight
1113,Handstand,Bodyweight
133,Abs Crunch (Weighted),Bodyweight
2903,Vertical Jump,Bodyweight
2071,Reverse Crunch (Weighted),Bodyweight
1651,Med Ball Crunch,Bodyweight
2663,Standing Side-Leg Raises (Band),Bodyweight
776,Diamond Push Ups,Bodyweight
1891,Plyometric Jumps,Bodyweight
190,Back Extension Crunches,Bodyweight
2967,Wide Grip Pull-Up,Bodyweight
2895,V-Grip Barbell Row,Barbell
2063,Reverse Bicep Curl (Barbell),Barbell
2104,Reverse Lunge (Barbell),Barbell
1066,Hack Deadlift,Barbell
722,Deadlift (Deficit),Barbell
2309,Seated Pin Press (Barbell),Barbell
1609,MMS Barbell Complex,Barbell
2360,Shrug (Barbell),Barbell
2781,Thruster (Barbell),Barbell
1260,Incline Close Grip Bench Press,Barbell
2299,Seated Military Press (Barbell),Barbell
1909,Power Snatch,Barbell
2254,Seated Barbell Shoulder Press,Barbell
1005,Front Squat (Barbell),Barbell
2284,Seated Good morning,Barbell
2584,Snatch Grip Sotts Press,Barbell
1409,Landmine Clean And Press,Barbell
10,(BACK) Landmine T Bar Row,Barbell
339,Bench Press Incline (Close Grip),Barbell
274,Barbell Hyperextension,Barbell
1783,Overhead Press (barbell - Paused),Barbell
2268,Seated Deadlift,Barbell
2222,Sandbag Floor Press,Barbell
2281,Seated French Press (EZ/Barbell),Barbell
888,Elevated Romanian Deadlifts,Barbell
2212,Safety Squat Bar Wide Stance,Barbell
998,Front Pin Squat,Barbell
265,Barbell American Deadlift,Barbell
31,(LEGS) Heel Elevated Barbell Front Squat,Barbell
276,Barbell Rollout,Barbell
62,"2"" ACB Bench Press",Barbell
624,Close Grip Barbell Incline,Barbell
2804,Trap Bar Deadlift,Barbell
232,Banded Back Squat [X|5|X],Barbell
924,Feet Up Bench Press,Barbell
2393,Single Arm Bench Press,Barbell
536,Cambered Bar Bench Press,Barbell
1971,Push Press (Barbell),Barbell
948,Floating Deadlift,Barbell
2410,Single Arm Landmine Row,Barbell
2720,Suitcase Deadlift,Barbell
2579,Snatch Complex,Barbell
1106,Hand Clean,Barbell
1843,Pin Press Bench (Barbell),Barbell
2585,Snatch Pull,Barbell
65,21 Curl (Barbell),Barbell
1536,Long Pause Bench Press,Barbell
805,Driving Pin Squat,Barbell
1080,Halting Deadlift,Barbell
2018,Rack Pull (Barbell),Barbell
1910,Prayer Bench Press,Barbell
336,Bench Press (Touch & Go),Barbell
1236,Incline Bench Press (Barbell),Barbell
765,Deficit Pendlay Row,Barbell
1150,High Bar Squat (Barbell),Barbell
2283,Seated Good Morning,Barbell
335,Bench Press (Swiss Bar),Barbell
2187,Rotational Landmine Push Press,Barbell
1996,RP Barbell Wrist Curls,Barbell
1244,Incline Bench Press 45 Degree,Barbell
2168,Romanian Deadlift (B Stance),Barbell
3027,Zercher Lunges,Barbell
352,Bent Over Row (Barbell),Barbell
2167,"Romanian Deadlift (12,10,8,6,4)",Barbell
2637,Standing Behind Neck Shoulder Press (Barbell),Barbell
1914,Preacher Curl (Barbell),Barbell
1413,Landmine Push Press,Barbell
353,"Bent Over Row (Barbell, Paused)",Barbell
721,Deadlift (Block),Barbell
2684,Stiff Leg Zercher Deadlift,Barbell
1148,Hex Bar Jump,Barbell
2510,Sitting Good Morning,Barbell
397,Boarded Bench Press,Barbell
2911,Walking Lunge (Barbell),Barbell
1781,Overhead Press (Paused),Barbell
2682,Stiff Leg Deadlift Or Romanian Deadlift (Swap This Out For Either),Barbell
2221,Sandbag Clean Over Shoulder,Barbell
258,Banded Trap Bar Deadlift,Barbell
398,Body Weight Row On Barbell,Barbell
395,Block Pull (Barbell),Barbell
2765,Tempo Bench Press,Barbell
2084,Reverse Grip Bench Press,Barbell
1332,Jefferson Deadlift,Barbell
1886,Plate-loaded Overhead Press,Barbell
280,Barbell Squat,Barbell
1898,"Posterior Chain (Band Good Mornings, Bodyweight Hyperextensions, Etc.)",Barbell
1418,Larsen Press (Barbell),Barbell
1846,Pin Squat (Barbell),Barbell
2807,Trap Bar Jump,Barbell
756,Deep Split Jerk Hold,Barbell
2475,Single Leg Romanian Deadlift,Barbell
1411,Landmine Oblique Twist,Barbell
279,Barbell Shoulder Press,Barbell
286,Barbell Wrist Curl (12-15),Barbell
731,Deadlift Up To Knees,Barbell
2407,Single Arm KB Snatch,Barbell
2265,Seated DB Good Morning,Barbell
2017,Rack Deadlifts,Barbell
2683,Stiff Leg Deficit Deadlift,Barbell
730,Deadlift Hold 150kgs,Barbell
1054,Good Morning,Barbell
82,45 Degrees Barbell Back Extensions,Barbell
2769,Tempo Overhead Press,Barbell
5,(BACK) Barbell Row,Barbell
538,Cambered Bar Squat,Barbell
3026,Zercher Good Morning,Barbell
2176,Romanian Zercher Deadlift,Barbell
982,French Press (Barbell),Barbell
1145,Heels Elevated Bulgarian Split Squat (Barbell),Barbell
285,Barbell Walking Lunge,Barbell
1398,Kneeling Overhead Press,Barbell
325,Bench Press (AM),Barbell
36,(POSTERIOR CHAIN) Barbell Deadlift,Barbell
2365,Shrug (Trap Bar),Barbell
1724,Oblique Deadlift,Barbell
2592,Speed Deadlifts,Barbell
2070,Reverse Cambered Bar Bench Press,Barbell
1776,Overhead Press,Barbell
1417,Landmine Twist,Barbell
326,Bench Press (Banded),Barbell
1338,Jump Squat (Barbell),Barbell
370,Bicep Curl To Overhead Press,Barbell
329,Bench Press (Close Grip),Barbell
2612,Squat (Barbell),Barbell
993,Front Foot Elevated Split Squat SSB,Barbell
25,(GLUTES) Barbell Hip Thrust,Barbell
2580,Snatch Deadlift,Barbell
361,Bicep Curl (Barbell),Barbell
3031,Zercher Squat (Barbell),Barbell
2723,Sumo Deadlift (Box),Barbell
3,(BACK) Barbell Deadlift,Barbell
856,Dumbell Straight Leg Deadlift,Barbell
2810,Trap Bar RDL,Barbell
1518,Legs Up Bench Press (Barbell),Barbell
262,Banded or Chained Overhead Press,Barbell
770,Deficit Romanian Deadlift,Barbell
333,Bench Press (Paused),Barbell
42,(SHOULDERS) Standing Landmine Shoulder Press,Barbell
324,Bench Press,Barbell
620,Clean Pull,Barbell
269,Barbell Glute Bridge,Barbell
2622,Squat Thruster,Barbell
3054,standing overhead press,Barbell
1075,Half Kneeling Landmine Press,Barbell
1903,Power Clean,Barbell
2806,Trap Bar Farmers Walk,Barbell
761,Deficit Deadlift (Barbell),Barbell
619,Clean Deadlift,Barbell
1139,Heel Elevated Squat (Barbell),Barbell
720,Deadlift (Barbell),Barbell
2208,SSB Squat,Barbell
273,Barbell Hold,Barbell
2623,Squat To Overhead Press,Barbell
2593,Speed Overhead Press,Barbell
1057,Good Morning Seated,Barbell
2304,Seated Overhead Pin Press (Barbell),Barbell
724,Deadlift (Harambe System/Barbell),Barbell
1966,Pullover Barbell,Barbell
1187,Hip Banded Romanian Deadlift,Barbell
332,Bench Press (Harambe System Or Barbell),Barbell
2730,Sumo Stiff Leg Deadlift,Barbell
625,"Close Grip Bench Press (12,10,8,6,4)",Barbell
3057,zercher deadlift,Barbell
2600,Split Jerk,Barbell
2311,Seated Row (BB),Barbell
1847,Pin Squats,Barbell
3029,Zercher RDL,Barbell
2369,Shrugs (Trap Bar),Barbell
2576,Snatch (Barbell),Barbell
2220,Sandbag Clean,Barbell
2552,Sling Shot Bench Press (Barbell),Barbell
1242,Incline Bench Press - Hammer Strength,Barbell
2591,Speed Deadlift,Barbell
725,Deadlift (Paused),Barbell
2166,Romanian Deadlift,Barbell
1519,Library Deadlift,Barbell
268,Barbell Front Raises,Barbell
732,Decline Bench Press (Barbell),Barbell
2809,Trap Bar Power Shrug,Barbell
20,(CHEST) Decline Barbell Bench Press,Barbell
277,Barbell Row,Barbell
719,Deadlift (Barbell / KG),Barbell
1118,Hang Power Clean,Barbell
1243,Incline Bench Press 30 Degree,Barbell
191,Back Squat,Barbell
2811,Trap Bar Shrug,Barbell
2175,Romanian Deadlifts,Barbell
2583,Snatch Grip Shrugs,Barbell
2441,Single Leg Barbell RDL,Barbell
267,Barbell Front Raise,Barbell
2582,Snatch Grip Romanian Deadlift,Barbell
1008,Front Squat (Paused),Barbell
26,(HAMSTRINGS) Barbell RDL,Barbell
1818,Paused Front Squats,Barbell
2774,Tempo Squat (Barbell),Barbell
4,(BACK) Barbell Pendlay Row,Barbell
535,Cambered Bar Barbell Bench press,Barbell
899,Explosive Bench Press,Barbell
2107,Reverse Lunge To Overhead Press,Barbell
404,Bodyweight Single Leg Deadlifts W/ Reach,Barbell
1815,Paused Barbell RDL,Barbell
1828,Pendlay Row,Barbell
426,Box Squat (Barbell),Barbell
729,Deadlift From Boxes,Barbell
2453,Single Leg Deadlift,Barbell
2434,Single Arm Snatch,Barbell
771,Deficit Romanian Deadlift (Barbell),Barbell
271,Barbell Hang Clean To Overhead Press,Barbell
2808,Trap Bar Jumps,Barbell
2725,Sumo Deadlift (Paused),Barbell
1778,Overhead Press (Barbell),Barbell
337,Bench Press (Wide Grip),Barbell
2209,SSB Walk For Time,Barbell
283,Barbell Strict Curl,Barbell
934,Flat DB Bench Press,Barbell
2122,Reverse Wrist Curl (Barbell),Barbell
621,Clean and Jerk,Barbell
2307,Seated Overhead Press (No Back Support),Barbell
328,Bench Press (Board),Barbell
3020,Z Press (Barbell),Barbell
2602,Split Squat (Barbell),Barbell
1415,Landmine Squat (Heel Elevated),Barbell
44,(TRICEPS) Close Grip Barbell Bench Press,Barbell
436,Bulgarian Split Squat (Barbell),Barbell
343,Bench(BB),Barbell
2521,Skull Crusher (Barbell),Barbell
2402,Single Arm Floor Press,Barbell
573,Chest Supported Barbell Row,Barbell
717,Deadlift,Barbell
1928,Preacher Reverse Bicep Curl (Barbell),Barbell
3025,Zercher Front-Foot Elevated Split Squat,Barbell
225,Band Snatch,Barbell
727,Deadlift (To Knees),Barbell
266,Barbell Curls,Barbell
572,Chest Supported Barbell Lat Row,Barbell
2722,Sumo Deadlift (Barbell),Barbell
618,Clean And Jerk Complex,Barbell
2218,Sandbag Box Squat,Barbell
2805,Trap Bar Deadlift (Paused),Barbell
1788,Overhead Squat w/ Snatch Grip Press at Bottom,Barbell
616,Clean,Barbell
1010,Front Squat W/ Elevated Heels,Barbell
327,Bench Press (Barbell),Barbell
2487,Single Single Double Bench Press,Barbell
718,Deadlift (Banded),Barbell
728,Deadlift (Trapbar),Barbell
3032,Zercher Walks,Barbell
318,Behind-the-Neck Overhead Press,Barbell
1119,Hang Snatch,Barbell
2169,Romanian Deadlift (Barbell),Barbell
2305,Seated Overhead Press (Barbell),Barbell
85,45° Incline Barbell Press,Barbell
2586,Snatch-Grip Behind-Neck Press in Deep Squat,Barbell
2590,Speed Bench Press,Barbell
3030,Zercher Reverse Lunge,Barbell
798,Double Switch Landmine Push Press,Barbell
287,Barbell Wrist Flexion & Extension,Barbell
150,Alternating Good Morning,Barbell
281,Barbell Squat (With Bands),Barbell
2767,Tempo Deadlift,Barbell
330,Bench Press (Duffalo Bar),Barbell
1675,Military Press (Barbell),Barbell
2703,Straight Leg Deadlift,Barbell
2630,Staggered Trap Bar,Barbell
622,Clean and Press,Barbell
1820,Paused Platz Squat (Barbell),Barbell
2170,Romanian Deadlift (Bottom Pause),Barbell
1132,Heavy Barbell Holds,Barbell
13,(BACK) Supinated Barbell Bent Over Row,Barbell
1569,Lunge (Barbell),Barbell
2165,Romanian Chair Leg Raise,Barbell
2721,Sumo Box Squat,Barbell
231,Banded Back Squat,Barbell
2782,Thruster (Log Bar),Barbell
1055,Good Morning (Bodyweight),Barbell
1874,Plank on Swissball,Barbell
1388,Kneeling Landmine Pushes,Barbell
617,Clean (Barbell),Barbell
1273,Incline Dumbell Bench Press,Barbell
288,Barbell Yates Row (Rest Pause Last Set),Barbell
1412,Landmine Press,Barbell
1062,Guillotine Bench Press,Barbell
2581,Snatch Grip Deadlift,Barbell
